memory_initialization_radix=16;
memory_initialization_vector=
2C, 8A, FF, 0C, AF, 2A, 44, 17,
F5, 26, 96, 37, 40, 4C, A1, 58,
C3, 33, CE, 1A, 7B, D2, 22, 5B,
43, F6, FD, 0B, E7, FD, 65, 58,
89, 24, F4, EC, 53, 5E, 21, 1F,
95, D1, D9, 25, 72, 56, E6, E2,
A4, 37, 85, F0, D7, BA, AB, CC,
C6, BC, CB, 64, 58, 3D, 04, 8E,
D8, 1A, 32, 76, 0C, 4D, 4C, C5,
BA, B9, A9, E2, 41, C2, C8, FA,
66, FD, 2E, 4A, A7, CA, 6A, 4F,
D7, 28, E5, 07, 2E, 48, 5F, FA,
D8, DE, EB, 11, D1, 0B, 0D, E4,
25, 66, 73, 6C, 99, C2, 89, 56,
CD, EB, AF, 92, C8, 18, DF, D6,
89, 9B, CE, 96, 14, 17, 6E, 25,
F3, 88, AD, 85, 50, 93, C5, DE,
73, 12, A6, 55, 45, 9E, 88, 75,
7E, C7, B5, 47, CF, 87, 6E, A3,
2F, 9D, 39, 5E, 40, 89, 3E, 5E,
D2, 3B, 06, 7A, E3, E0, BE, F9,
58, 27, 15, 4C, 31, FC, 88, 4D,
73, 02, A3, F6, 9D, 83, BE, 05,
13, 42, 50, 47, 13, 8C, 4B, 2D,
0E, BB, C7, 9E, 27, E1, FB, 38,
A0, 5D, 51, 23, 41, BF, 7F, 14,
89, 4D, 32, A4, 39, CA, 11, 09,
FF, 52, 55, 71, A0, 22, B4, 42,
9F, 5A, 17, 05, 4A, 42, 9C, 9B,
74, C8, A7, EA, 17, 60, BD, F9,
23, 6A, 39, C3, 7E, F9, 33, AF,
4B, AD, B4, 46, F2, 2B, 26, 3C,
37, C4, 46, F4, 9C, 58, EF, B7,
A2, 63, 04, 11, 00, 28, 1D, A2,
00, E8, 4F, 84, 24, 67, 7A, D2,
B5, DC, 9D, 1E, 05, 97, D1, A6,
A6, CE, 32, 1C, 68, 8D, 6A, B8,
74, E2, 6F, 1D, 91, 71, 70, E2,
CF, F9, 19, 71, 04, 31, 90, 67,
E9, 46, 0B, 2E, AA, 6C, AF, F3,
3A, 35, 88, DC, 9F, 3A, 71, 1C,
F8, D3, 61, EF, 81, D1, 80, 67,
C1, 75, 17, 32, 67, EF, EA, 99,
29, 6F, EA, 8F, B9, E8, C5, 78,
A3, B9, 31, 2A, E6, AF, B4, 27,
F7, 6C, 2E, 2B, 8B, 3B, 40, AB,
2E, 21, 5B, B5, D2, 5C, 2F, DB,
DB, D0, 81, A1, 00, 77, AC, 40,
0E, 69, 3F, D0, E3, 4A, 1A, 1B,
B5, A6, 9C, DD, 0C, CB, B6, D3,
F9, EA, 78, 11, 2A, BF, 56, 89,
D4, B0, C8, F0, 4B, 48, DF, 22,
C4, 91, 86, 7D, 86, 33, FD, 75,
44, 1B, 9F, 9A, AF, C4, 9D, 27,
FF, 72, F8, B5, 74, B7, 13, 22,
03, 14, CB, A9, 4C, 73, 4B, 7E,
E4, 9B, B2, 27, 34, A4, 74, 14,
68, 37, 57, C0, CE, 8F, 94, EA,
0F, A4, E0, F7, 14, 46, 05, F9,
63, 2C, 12, BE, 3A, DB, 1E, 1F,
97, BB, 32, A8, 4F, 2A, 07, D6,
0D, 0B, C1, 9C, F5, 11, 3C, 2C,
D5, B7, 85, 28, B0, A2, B4, D1,
B1, 75, DF, A3, C5, 26, C1, 47,
29, B8, D3, B2, 23, 96, 97, 73,
40, 45, E4, DE, DF, DC, 1B, 29,
45, 1C, AC, 52, DE, EE, F9, 83,
80, 21, 5B, 98, F1, 57, F2, 1F,
32, 0E, 03, 56, A4, 75, F4, 2C,
22, 67, 19, 98, B0, E3, 51, 78,
DD, BF, 79, 79, 03, C9, 51, 60,
E2, 06, 79, F7, AA, 3E, F6, 02,
4D, 83, 8D, 7A, F0, D1, C3, 8E,
67, A7, 57, 1A, 15, AB, FF, F3,
49, E0, C0, 3D, FF, 69, 9D, 85,
80, B6, 88, 8A, 0A, 77, 93, F1,
F2, 89, E6, C8, AB, B2, 46, 7A,
3A, B3, 45, 9E, FF, 0D, 84, DC,
97, 58, 4F, CB, 3B, 56, 9B, FB,
02, 70, E4, 9E, F9, 99, CC, 30,
E2, D8, E7, D1, BE, 5E, E6, 61,
23, A3, 8D, EA, 5E, FA, 91, 6B,
FB, 78, EB, 90, 43, 27, 01, B7,
D2, 5A, C5, 31, 2E, B7, 30, 10,
63, 4A, 8C, 11, 14, DC, F7, 5D,
51, 10, 70, C3, B2, 4A, CB, 02,
1B, 15, 73, 05, 8E, DB, 2E, 6A,
A9, FC, 8C, 98, BA, 7C, 50, 6B,
41, BA, F1, 13, A4, 5C, C6, 95,
8A, DB, 66, 6D, D6, 10, 98, C7,
AB, 3C, 0D, D1, E8, B3, E5, 82,
8B, E8, 5B, 2A, 82, 3B, 23, 57,
B3, 01, 3D, A1, D0, B4, 2D, 25,
A0, B8, E1, 37, 36, 94, E5, 57,
00, 04, 96, CA, A6, DB, 45, C3,
93, 21, 65, AE, 2E, 14, 57, E5,
AA, 36, A5, 16, F3, 35, 05, 0D,
38, 44, A5, 85, 3C, 09, B9, AA,
68, E9, B5, 54, CD, 3E, 2B, DE,
9E, 39, B3, 81, 98, B5, FD, A5,
FD, E2, 05, 2D, 82, 03, 52, 11,
83, BE, 9F, C5, DE, A0, A8, 34,
62, 2C, B5, 3C, EB, 17, 59, C9,
8D, 7D, D1, 76, F0, 77, 6B, EE,
A8, C9, 2E, BF, C8, B5, 10, 41,
93, 8C, FF, 13, DF, 32, E6, E5,
C8, 8F, 10, 17, 1A, 45, E2, 65,
42, 99, FF, 12, 78, D4, 10, 23,
34, 60, 9B, B9, C3, 69, BC, 64,
6C, DB, 67, 73, BD, 9F, 98, 2E,
8E, 4F, F6, F2, E0, 1F, 7E, F2,
84, BD, 2E, 58, 43, 1F, 03, 7A,
6D, 92, 91, 33, 0B, E8, 3F, 9D,
7C, 53, A4, CC, D6, 2A, DB, 44,
4D, 8D, D5, 50, F9, 8B, ED, E9,
ED, E6, 01, E5, CB, 13, 69, 2C,
38, 7A, 0F, 61, 90, 26, 72, BF,
18, CC, 4E, 14, 1D, 93, AF, D0,
15, E8, 39, 61, EE, 04, A5, 77,
99, 40, C9, 31, 50, 25, 25, 16,
3C, C3, 2A, 39, F9, 87, 60, 28,
F6, 4B, D6, 00, F5, B4, 00, 08,
3D, 65, 41, 74, D3, B6, 84, BB,
21, 0A, 5C, 24, E8, A7, 96, E5,
20, 43, 01, EC, 64, BC, EA, 1E,
7B, 15, BC, 1B, 7B, 6A, 10, F9,
F9, 58, 69, 84, C6, 15, DA, F8,
55, 81, B4, CD, 9F, 29, D0, 37,
8D, A2, 81, 29, C7, 47, 39, C9,
38, 06, C2, CA, 18, 14, AA, E2,
CF, C2, B6, 1E, A9, 18, 49, 3F,
92, 49, 43, ED, A8, BE, 62, 60,
36, ED, 2E, A2, 4F, C0, D5, 9A,
8B, BB, DC, CC, 26, 50, 25, 97,
EF, B8, 69, 11, DD, 4D, 22, DA,
79, EF, C3, 17, 01, 54, C3, 0D,
5F, 7A, 86, 13, F6, 27, 1B, 88,
AC, AB, B8, 27, 58, 60, 8D, 78,
FD, BD, 70, 26, 98, 60, AC, D2,
C3, F0, F1, EE, 52, 2B, 24, B8,
6F, 93, 04, 65, 83, 5F, A9, A4,
6A, 08, 98, DE, 4C, 86, 66, 98,
66, 57, 14, EF, A3, B1, 6A, 7B,
56, 96, D5, 64, 7E, 33, 25, C2,
3D, 3A, E2, 4E, 45, CE, FA, 09,
57, 8A, B2, 34, AB, CA, 2B, F2,
A0, F8, 28, 99, 8B, DC, FD, 99,
E8, B6, E3, 6B, 54, 98, B1, DA,
0A, 04, 58, 36, 36, 36, A0, F8,
6B, EF, 34, 7F, 25, 75, D4, 57,
FD, BE, C2, A6, 1C, 7E, 16, 67,
EF, 02, BD, 5E, 68, FD, 1D, 89,
82, A3, 19, A9, 9B, 76, A0, 02,
53, CF, 15, 1D, 59, 04, 36, AA,
17, 2A, 32, 9F, B5, 63, EF, 47,
B3, 91, 97, 59, 2E, C4, EC, 5D,
14, F4, 2C, 4E, 35, CB, D1, E9,
9D, 16, 30, 11, C3, BE, 55, A3,
A3, AA, BD, E8, A7, C3, 01, 88,
09, 6D, 34, 91, C9, 88, 0A, 7B,
A9, 31, 0A, 32, 17, 7B, 0F, DF,
03, DF, 9B, F4, AE, 8F, 0A, EB,
5A, 22, 58, 38, 32, D7, 73, 8C,
EC, BB, 4B, 5D, 83, A7, 11, DD,
9F, 47, 3B, 79, 89, 3B, C1, 84,
0A, 6D, 95, 5B, 9B, 6E, 91, BB,
2D, 31, 7F, 82, 47, C0, 51, 43,
27, 05, A7, DC, BD, 94, 32, 71,
D5, 29, 60, 3A, E1, 73, 7F, 3F,
AC, 6C, 6F, AB, A2, AB, 63, D6,
22, 27, E2, 05, D8, 94, D3, FD,
A1, 98, 69, 8D, 05, 3A, 47, D6,
68, 78, B2, B3, 7F, 92, 73, AD,
A4, 58, 3D, 84, 80, 47, 45, AB,
4B, 45, AF, 4B, A2, 39, 24, F6,
45, A0, D3, B9, FE, 83, 64, 5F,
35, 77, E8, D8, 7E, 54, 31, 71,
D0, 3C, 16, 6D, 3E, F5, 36, 1B,
08, 00, D4, 34, 3D, E8, 3E, 18,
01, 18, A6, 88, 51, 68, 1C, 48,
F0, E5, A9, AA, A3, 39, 81, 00,
F8, B5, 99, 1F, DB, 8D, 65, 8C,
28, C0, 45, 13, F4, 97, 78, 32,
A4, 0B, 66, BC, 30, 30, 8D, 7E,
99, 26, A8, 6F, C3, D1, EB, C4,
E7, 5F, AC, 1D, 7C, 61, 58, 2D,
A3, BB, 9F, 09, F2, 0C, C1, 5D,
9E, D7, 84, 17, 9D, D4, B7, 40,
71, C6, 69, 3A, A1, 4D, 68, 76,
12, 20, 5B, CF, 91, 55, 62, 0D,
5D, 50, 71, E5, D4, B9, DF, B6,
7D, D1, 38, B5, 82, 8A, 72, B8,
C5, D8, 2A, AF, E5, 75, 7F, B7,
0C, E3, 42, 71, AC, 12, 4F, 11,
F5, B3, D3, 3D, 7D, EA, 3D, F3,
C2, 35, 0E, FD, EF, EE, E1, 78,
DB, 58, B7, BA, D5, AD, B8, 2E,
27, 01, 9D, C1, A7, 6E, 55, 95,
4B, 7F, 5A, 8E, 16, EE, F1, 8E,
1E, 6D, B5, EF, 11, 6E, 62, FC,
46, 5A, 51, CF, 47, 03, 09, 61,
92, 11, C3, 32, DC, 23, 75, 79,
AB, D8, 34, E0, D3, 54, 9E, 1E,
31, 01, 7A, AD, A9, B3, 61, 0A,
DD, D8, D1, 86, 2E, 74, 47, 5A,
15, C5, B7, 91, 49, 70, EB, 3E,
D9, 2F, 6C, 2D, 72, C9, 05, FA,
60, F9, A5, F4, 5B, B7, D5, 2D,
C9, C1, DD, 09, 9C, CE, E7, 1B,
6B, BF, 0C, 65, 51, E0, 76, 36,
E9, 5A, 06, 7D, 3A, 77, B0, F8,
00, 0F, 06, B7, 56, DF, 3D, F4,
BF, FE, 3F, 29, 90, 84, 8B, 68,
EA, 98, E9, C3, 24, 60, A0, A3,
DE, E2, C9, 85, 98, 9E, 2E, BA,
F4, 9A, A5, 42, 3F, 14, 2F, 61,
43, 24, 6C, D1, B3, E5, 08, 67,
08, 30, AA, E2, 38, A3, D2, 25,
DB, 73, 1B, 16, DD, EC, 9E, D3,
FB, 17, 3F, 54, 6E, 4A, 8B, 05,
D7, 74, 84, 21, 20, 20, 83, 80,
13, 88, E6, 5F, C8, 92, 56, CF,
47, 59, 86, C6, D7, E4, 6A, EC,
8D, 4C, CC, 4C, BA, FD, 25, 62,
D1, 56, 05, AF, F8, 14, 8C, 2E,
F4, A7, 6A, 73, 37, 6B, 44, F4,
C0, BB, 7F, 2F, 4B, 2A, 40, FB,
5C, 02, AB, B7, 24, 53, 6A, 49,
99, 61, 06, 72, A0, 33, 3C, BA,
2A, DD, 99, 3B, 8E, AF, DB, 61,
56, D1, 82, C1, 9C, A5, CE, D0,
94, 1D, 1B, B6, 52, FF, 9B, 75,
C4, 4D, 28, 04, 96, 36, 44, F8,
63, 54, 11, 86, FA, DB, AA, 36,
D3, 42, 9C, B5, 07, 02, D8, A7,
48, AF, 38, EC, BD, C2, 7E, 3A,
0D, 1A, 49, DF, 85, 16, F1, 25,
80, 61, 2C, F6, 08, EC, 82, B7,
4F, 2C, 92, C7, 4F, 39, 3B, AF,
35, FF, B7, 16, 0B, 14, 3D, 4E,
84, 24, A5, 5D, 27, 19, C0, 3F,
DC, 11, 96, 9E, 2D, 4B, 42, 2C,
9A, 75, F2, 04, CA, 02, 62, C6,
B4, B7, 4F, A1, 6E, 53, 46, AC,
31, 9D, 04, 37, 5B, EC, D8, 34,
B3, AB, E4, E5, 63, 82, 11, F6,
E9, F3, 3F, 10, 92, D3, A6, 57,
F5, ED, 6B, AE, A2, 95, F2, B4,
B3, 3E, 94, A5, 1E, 3E, BA, AA,
35, C1, 71, FC, BA, 8F, 75, 9F,
2B, EF, 89, DB, B7, C7, 5A, 38,
7C, A5, 40, 70, 7C, 43, 4B, 87,
92, DB, 6C, 43, 2D, 83, BB, 3F,
D7, EB, 28, 3F, 41, E1, 34, 97,
C6, AD, DA, 67, 6A, 55, 2A, B7,
B5, AC, DB, 95, B0, A3, 4F, 3F,
DE, FC, DC, 0D, BB, C8, D0, 3B,
D0, B9, 20, 15, 1A, E6, 2D, 8B,
FC, F6, C1, 76, 23, D0, 0B, B5,
BA, AE, 4A, CA, 31, C3, F3, C9,
EA, 74, 26, BD, 49, A0, E1, 2D,
AC, 5D, 2C, 99, 8D, C7, A3, 90,
F9, 3B, B4, 84, C6, 87, BF, 0E,
A6, 22, 75, 6D, 27, 0E, DD, 82,
08, 26, FF, 2B, 8D, 7C, C1, 55,
78, 47, 7F, 48, 07, 83, 7D, 7B,
50, F6, 9F, C8, 78, BB, 98, 34,
96, 7A, 9E, 16, 78, E1, FF, AE,
CF, DF, DF, 90, 59, B7, AC, 03,
88, 97, D2, FC, 63, AE, 18, 14,
86, 9F, BD, 7A, 51, DC, 1C, 49,
47, 25, E2, 60, 54, 79, C1, 1B,
59, 15, 11, D6, 42, BF, 69, B7,
BC, F6, A9, 76, 10, 71, 05, F4,
B8, 4C, D0, BB, F2, 1B, 7D, 60,
6D, 0E, 86, 73, 17, CA, 85, FE,
98, A1, 7E, 70, 84, 84, AF, 37,
E4, 0A, 18, 4C, 6C, 73, F4, FC,
B1, 89, E5, 21, D7, E9, E3, 35,
9E, D6, 51, 5F, B6, 9E, 06, FF,
19, E0, 83, CB, 94, EF, B4, 58,
E1, DD, D4, 59, E5, E9, 40, B1,
39, AA, AD, 1E, 17, 31, 78, 45,
1B, FD, E3, 83, 9D, 84, E9, 79,
21, CB, 64, D8, F3, D5, 40, 5C,
B5, 0F, 6C, A5, F7, 8A, 4A, 47,
33, AB, D9, 7B, D6, 93, AB, 7C,
76, F9, F6, FA, 87, 70, 69, 40,
E9, 8A, D5, FF, 71, CB, 89, 81,
09, F8, 34, 23, 36, 1A, 7C, C4,
00, 0F, DB, DE, D3, 83, 96, E9,
F8, 65, 8B, A3, 24, 93, 20, ED,
51, CE, F6, 52, 14, DC, BF, CC,
F5, 5F, 19, B0, 70, 1B, 30, E6,
83, 4D, 65, 02, FE, E0, 63, 9E,
AA, 57, EC, B9, C1, A2, 8F, 7B,
94, D6, 8C, 99, A4, 03, 77, E7,
C4, 15, 38, 5C, 50, 4B, 37, 11,
F0, C0, 91, 79, 2F, 07, 76, D7,
0A, C2, 79, 75, 6D, 10, 73, 49,
E8, 85, 94, 68, 5E, 33, CF, E9,
DB, 77, A7, 46, AB, B6, 79, DB,
BF, 80, C9, D5, 1F, 0F, C5, E6,
14, 8F, 43, 94, 46, 49, C4, CD,
89, 75, C0, E8, 3C, 4D, F4, 46,
DB, 32, F3, BB, EF, CA, 9C, 6D,
23, 35, 6A, A1, D3, 09, C7, D3,
CC, E7, 2D, 8D, 92, D5, 6F, 73,
F1, 0D, 40, 39, CA, 9F, 12, 83,
62, 68, 6C, 82, 61, B4, 11, 08,
2B, 47, C4, 45, 03, 96, 79, CD,
0C, CB, 1E, A5, 64, 9C, 83, 62,
BA, 0F, DB, 94, 01, 4F, A8, C0,
F1, B9, 70, 96, 00, 5C, EA, 2D,
A7, D3, 8B, 2C, 98, 74, F7, 4F,
3A, E2, 50, BE, A4, C1, 21, EE,
E3, F9, 28, EB, C5, 63, 0B, 40,
06, 38, 2F, 0E, 83, 50, E0, 54,
62, 94, CD, 5C, F9, DB, 88, E1,
28, 12, 9F, 3A, 3C, F9, 37, 98,
21, B5, B4, C5, 9C, DD, 12, C1,
C4, 5B, 28, A1, 9A, 90, 09, 17,
60, 82, AD, 8E, 78, E8, 7A, F9,
ED, 11, B5, CD, 33, C7, 69, FC,
49, AC, 9A, C3, 35, B5, E1, F5,
45, 20, 45, F4, 21, 33, CB, 06,
07, 06, 6B, 2E, FD, 6A, A7, F1,
DE, 02, 94, 32, C8, C8, C6, 5A,
76, 30, 14, C8, D4, 5B, 75, EE,
07, 64, C2, E1, 43, 46, 2D, 53,
55, 68, DF, AE, 5B, BD, E4, 02,
EC, 9E, 5E, 49, C3, 4D, 9C, 96,
E6, 18, 0D, 8E, D4, DF, 78, 28,
C7, E9, EE, 32, D3, E2, 63, B4,
5F, 14, D8, 47, 80, 89, 67, 58,
05, AE, 84, 47, DB, 0D, ED, 2E,
EB, 04, E9, C2, 1E, FB, 29, AD,
49, B7, 32, DF, 53, C7, 62, 91,
87, 6E, EC, 16, 15, 6C, FA, 82,
65, 27, 57, C5, 5C, DD, DD, 64,
08, B5, 70, DE, 2B, 46, AA, A2,
AE, A6, F2, B2, 80, A0, F9, 47,
E8, 9D, 39, F5, 33, 02, 57, 6C,
A6, 36, EB, 8B, D9, 74, 95, 37,
CA, EC, 3F, 4C, 73, C9, 26, FD,
62, EA, 33, 93, FB, 8A, B1, F8,
D7, E1, 52, 04, E0, BC, 79, 61,
D3, 9B, 0B, CE, 9A, F1, 88, FD,
4E, 5A, 59, 13, A0, 98, A1, EA,
F3, EC, 1D, 75, 46, 19, 12, AC,
E1, 97, C4, 25, 2C, 11, 2C, F9,
BB, 03, 8D, 89, B9, A7, 1D, 48,
32, 5A, AE, EE, 2D, A8, F2, 0E,
69, F6, 10, 02, 04, 8C, 6D, A8,
39, 6D, C2, 09, DD, 80, 52, A4,
DB, 3D, EF, 2E, 11, B5, C3, 26,
23, 09, 90, C7, 42, 0E, 8A, 0A,
14, 81, 7D, A0, 2D, 93, E0, D3,
39, E4, 06, E4, 4F, 33, 22, A5,
F7, 81, 57, 74, 24, BE, 6D, A8,
E9, 4F, 67, AF, 3E, AA, A1, A1,
84, FE, EB, 67, 71, C1, B4, 14,
72, 5D, B6, 0B, 4D, DC, 1E, 97,
1E, A5, 78, F4, ED, F5, 99, 69,
D7, F7, 4D, 61, 62, 22, BD, 95,
23, 91, E7, F5, C9, 1A, 65, 4C,
5A, 8C, E3, 39, 37, 27, 0B, 60,
9A, 06, A6, E6, F6, 75, 6C, 97,
96, F4, EF, 67, 4C, E1, A2, ED,
4F, FA, 25, 30, E2, 7D, A4, F9,
DA, EE, 9A, 33, B3, 4C, 07, 14,
66, FB, 65, D3, AE, 47, DB, 37,
50, BE, 3C, 41, BD, 7E, 6D, 86,
3C, 65, 54, 22, AF, 5B, BC, 3B,
7A, 77, F1, BD, E8, 38, D7, 44,
00, 92, 99, A9, 0A, 8D, 00, 82,
4B, CF, 60, 4B, 0D, 57, 6B, CE,
C7, 71, 0B, 75, DE, 92, 1D, BB,
86, 16, C8, F5, 2D, 1E, 60, 00,
75, 3C, CA, 17, 1E, 95, A7, 74,
8F, 36, 13, 5B, 29, 38, 4C, 0E,
26, 18, 8C, F5, B5, 35, 73, 98,
2B, 8B, 2E, 73, D2, D2, A6, 1F,
07, ED, E4, 13, 5C, 8C, 6F, 5C,
C1, 4B, 9D, 52, 29, 16, DA, A8,
C2, 7B, 29, 68, F2, 5C, 8F, 7E,
DC, AB, 46, 50, CE, 21, 42, 95,
65, E2, 4F, A8, 5B, E4, AE, 98,
76, FC, 7F, 20, E4, A0, B4, 22,
1F, 49, 7F, E5, 5D, A8, 85, 73,
32, 74, 8D, 90, 7C, 1D, 4E, 6F,
2E, E0, 0D, EC, DD, E2, 07, F2,
F2, 9E, B9, C2, 21, CE, CA, 3A,
8C, 13, DA, 59, 60, CE, 83, 3E,
69, 26, 06, 88, D0, 23, 16, CE,
C2, 64, FF, 75, 48, D5, 29, 9E,
73, F3, 79, DA, FD, 88, 22, F1,
0A, A4, D1, DB, F0, D2, CB, E4,
5A, 9A, AE, 84, 1B, C4, A7, 08,
38, E2, EB, AF, F8, DC, E9, 58,
C1, 71, 38, E6, 40, C9, C9, 09,
45, 8A, 66, 6D, D8, AF, A6, 2E,
A2, DD, 00, 99, 4F, 8F, 73, 1B,
83, C8, 7F, 71, 3C, 5A, B5, 99,
6E, 4C, 16, 5E, 25, 9E, 0F, 97,
2B, 7C, C3, F4, 53, 46, D3, 8E,
D8, 2B, 22, D3, C6, 7E, A6, 96,
14, 9E, 15, BB, 06, E3, 37, BC,
9C, 0F, CD, 1D, F3, D2, 6A, 56,
06, 13, F7, 88, C2, 93, 3A, 05,
DC, 42, 7E, 83, 5C, 5F, D8, 03,
E6, 0E, 45, ED, E5, E3, DB, 26,
FB, CD, ED, 91, 45, CE, EA, 0B,
ED, B4, FF, C0, C9, 25, CF, 88,
E4, 80, 1E, B8, 36, 52, 04, 14,
CD, A3, 51, C0, 15, 97, E6, 45,
7B, 55, 0C, A1, 1F, E2, D0, E0,
D1, 4E, 94, 83, A3, 4C, 33, FD,
6D, E0, 10, 9D, 73, 3C, CC, 7B,
7A, 38, D4, 1E, 08, F9, 21, BE,
7E, 5A, E8, 79, 99, 25, 53, DF,
95, C0, 07, 7D, 2D, D9, 30, 8B,
65, 44, 37, E8, 56, 17, E0, CF,
10, E1, 37, A9, 19, F4, 5E, 54,
6E, 63, 05, 23, F7, 8C, 19, 4E,
25, 26, 04, FD, FF, 1F, 58, 23,
01, 75, C9, 7D, 05, 75, BB, DE,
46, 46, 37, 90, 0C, 19, 90, D0,
DA, 8D, 02, 48, CA, A2, C5, 4D,
7B, FB, 54, C9, 36, 53, 88, 92,
CE, 1C, 4D, BD, BE, 23, 7E, 2E,
C8, 66, 19, 29, 47, F8, F7, E1,
AD, 7F, 7D, BE, 05, CC, C9, 22,
AF, 3E, F5, 2A, 3B, 72, C7, 6D,
2A, D4, EE, 04, 43, 51, 1B, 5A,
0A, 98, 11, EC, 72, 52, E7, FF,
B9, 85, 80, 0E, 5B, 0D, 06, ED,
D9, B5, FC, C9, 03, C1, 13, 52,
FD, 94, 62, 34, 4E, EA, 7C, 3C,
D2, 8F, B4, EA, 45, 84, F8, F2,
3A, 36, CC, DC, 04, 87, 8A, 78,
91, 5C, A2, 54, 45, A2, 78, DC,
3F, 21, 4A, 6C, DE, 41, 44, E5,
18, A2, 47, 8B, 03, CE, 9A, 3D,
C5, F1, 0D, BB, 28, A1, 77, F2,
24, 10, B8, D9, BA, 5E, 71, 6F,
31, 24, 21, 50, 37, 8D, 5A, C1,
18, AA, C9, 7C, 21, 82, 3B, E1,
12, 07, 8E, 78, E1, 5F, F7, 32,
4E, 31, 2A, 67, 71, E2, 26, 65,
07, 9C, 6B, CB, 35, 47, 7D, 9E,
6B, F2, 74, 7D, AE, 70, 55, BD,
70, 7D, 59, BF, 74, FB, EF, BA,
FF, 2A, 9C, 9B, 21, FB, D0, FD,
D1, 21, F1, 73, 1D, 54, BA, 64,
8C, EE, 41, BB, F6, 6E, 2C, DB,
AE, 27, 14, 30, F6, 6B, 1E, E2,
A0, F1, 70, 8E, A2, 1F, 2E, 6A,
F3, 40, 8F, 3B, D7, 96, A3, 9D,
FC, EA, 38, 61, 19, F1, 11, 21,
2E, EC, 3E, C5, 72, A9, 80, A2,
EB, 5F, 89, E1, B4, FE, 4E, DF,
69, 5F, 51, DF, EE, B2, 8C, D3,
C0, 16, 30, 3F, CC, 8D, 9C, 2E,
F6, 6F, 60, BC, C9, AA, 28, 4B,
12, 10, 7E, AB, 84, 4B, 81, 01,
87, 47, 84, F3, 03, 0A, 56, CB,
B0, 24, 71, CD, CC, EC, 4E, 62,
A5, 99, 55, 56, F4, B0, 94, DA,
6D, 25, 5C, BC, B0, A6, 87, 3D,
ED, 18, 1C, 00, 52, A7, AC, 0E,
33, A8, CD, 71, B1, 2A, 16, B3,
C7, 2C, CD, 22, DA, 3F, EB, 0C,
31, 2D, 86, 5E, 6E, CF, 87, 05,
9D, 15, 31, 70, 83, 52, C9, D9,
CA, A0, B2, 40, D4, FE, CD, 86,
6A, D9, 97, 33, C1, 2D, 99, A6,
F7, 17, 4C, 77, 94, 8E, 41, A1,
50, 8C, 11, 7E, AA, 94, BA, 35,
72, 15, 2A, F3, 9C, 40, 05, 35,
1A, 05, A4, 92, D7, 0B, 1B, 1C,
34, 0C, 74, CA, B0, 99, 82, 2C,
42, 37, 80, A7, E6, E6, 10, F2,
89, E3, 60, EA, 82, 9D, B2, 32,
F4, AD, 1C, A1, EC, 7B, 59, E0,
69, F6, 27, 1A, D9, 33, 1B, 99,
FC, 35, 7F, E1, F5, E3, 53, 75,
E4, 82, B8, 65, DA, 90, 0B, 92,
C4, E4, 41, 77, E9, 62, 70, 84,
8A, 26, 80, 0C, 8C, D0, 45, 7A,
E8, 56, DA, C6, 61, 28, 82, A6,
25, E9, 1C, 17, 27, D0, BA, C2,
20, A3, 12, 65, FA, 65, AC, B7,
A1, 2D, 9F, E8, 1A, A3, F5, 14,
E3, 80, D5, 0D, 59, 5C, 4A, 79,
B2, 89, 0B, C5, D8, 69, 63, C5,
52, 7C, 17, F4, 94, 57, D6, 78,
5E, 32, 56, E6, 1C, 7E, 06, 86,
C8, 86, 18, BF, 92, 55, D6, 63,
19, F5, 00, 01, 18, E3, E7, 35,
A7, 9E, F5, CF, 6A, AC, 9C, C7,
FB, B6, FF, DF, 9C, 41, 95, 65,
18, F6, E4, 06, 12, AE, 4A, 86,
43, 7E, A6, 40, 2C, 38, A9, 20,
53, 3E, E0, D5, AD, 69, DC, D4,
B6, 2B, 15, 6C, 80, C0, 15, 77,
0A, 68, 40, 5C, 43, 52, A7, AB,
06, 77, F6, 8C, 5B, 16, 47, 66,
E3, 37, 6E, C0, 39, 29, F6, D4,
46, 6F, B5, F2, 13, 4B, 24, 63,
22, 64, 48, 9A, B2, 88, B0, 03,
72, 38, B5, D9, E6, 13, 38, 02,
94, 88, F7, 3D, 2B, 9A, 87, E3,
F6, B2, B6, 2E, 00, 68, 33, 07,
64, 15, D4, 1F, ED, D9, 58, 71,
E9, B0, 65, 35, 42, 1E, 12, 64,
61, 60, F5, B4, 0C, DE, D7, 2D,
8F, 07, F9, D7, F6, CC, 17, 23,
A1, BA, 9E, 2D, 17, E8, E1, 0C,
0C, 07, 95, 61, 05, 0F, 4E, C5,
A6, FC, AE, 0B, 81, 6F, 74, A5,
8A, 81, DF, C8, 86, 2C, B6, 5B,
FD, FF, 3D, 87, 86, 95, 13, 22,
E6, 22, 58, 35, 26, EF, 35, CC,
CB, 31, 84, 82, F2, 75, 50, F5,
D5, 65, E7, DF, FE, ED, C7, 86,
F2, C9, 51, 07, 32, DA, 5D, 0E,
B3, FF, 8F, 6C, 82, ED, F4, DC,
CC, 1D, 12, 31, 00, 89, 56, 6B,
E7, F3, A2, D4, A7, 48, E3, B9,
86, 05, 91, 6E, EC, F4, DA, 35,
D7, 35, 60, 7A, 67, 6B, 08, CA,
1F, 41, 50, AD, 82, AB, 7F, F0,
C7, CF, FA, 87, 78, BE, AC, 32,
B5, CC, E9, 5E, 30, AF, 3A, 1E,
9D, CC, DA, F3, 99, 15, F6, 3F,
13, F8, 40, AE, CA, 92, B7, 7D,
31, D9, 39, 80, 0A, 8D, E2, 85,
2C, 5E, 40, E1, 39, DC, 0E, 68,
72, 6C, 50, 0C, E3, E9, A8, 31,
80, 55, AC, A2, BA, 86, 2E, 2E,
25, E4, 32, F1, F4, B0, CE, 33,
19, A8, E6, 5A, 78, 1A, 23, 37,
16, 1E, 9C, F5, 55, 05, 9D, F8,
76, 0F, 38, AF, 6A, 3F, 33, D1,
84, 65, AD, 53, 2A, A5, 2C, CC,
32, BB, FE, 4F, F0, F1, BE, CD,
50, DF, B0, E2, 2F, E0, 39, 02,
02, 70, 09, 8A, 26, 50, 38, FE,
D5, A0, 99, F3, 87, BE, 00, F4,
4A, 0A, E9, E6, 6B, 0C, 69, 64,
98, DD, F6, 5E, 0A, C0, BF, A9,
F1, 1D, F5, 3B, 7D, DA, 19, 9B,
05, 67, 87, 93, E2, 16, A0, 27,
31, 13, 61, 01, 4E, 05, C9, C4,
97, A4, 0B, 84, F6, D3, F2, CE,
BA, FF, 40, 2A, 53, 64, 05, 89,
E9, 85, 27, 83, 0A, DC, BD, 10,
1F, 4C, 49, A3, 63, 1A, 5C, 8F,
63, 71, 2E, CE, 61, D3, E4, EB,
1E, 0C, 2F, 8B, D4, 66, 07, AA,
A2, 07, E4, 08, E7, 34, CC, 87,
7B, D0, 82, EE, 0B, 1D, D9, AD,
5F, 80, C4, A7, 1F, 57, CE, 32,
00, 4F, FA, 9D, E1, CA, 7F, 9E,
6C, 7C, 7E, 48, 0A, 03, 6E, 17,
0A, BD, 12, 74, 9E, C3, 49, DD,
6C, 10, AC, C2, 2E, F0, A7, F4,
54, 49, 25, 00, C9, D4, 1E, 61,
77, F4, 00, 80, 8B, 65, 62, F6,
6B, 7F, 1E, 38, 9D, B8, 03, B9,
89, BE, 75, BE, 9B, 38, 5B, 3D,
AC, B0, DA, 85, D1, 11, D4, 1E,
E3, F5, 67, 9C, BF, 39, 1F, 3F,
73, 89, 0E, 92, 10, 6C, 31, 4E,
CC, 3E, 54, 86, 68, CF, E8, 94,
A9, 66, 62, 01, 14, 4E, 5C, 64,
62, 21, E1, 92, 19, 04, 67, C6,
F2, 10, EB, 70, BC, 64, 08, EA,
68, C7, 87, 35, 14, BE, 5D, 84,
A9, 97, 3F, D7, A5, DB, 7F, BE,
29, EE, 69, 6B, D5, 87, A0, 35,
F0, 7D, 19, A2, 20, 96, 23, 14,
93, E2, 07, FE, DC, 1E, E8, CB,
32, 76, 66, B6, 69, D0, 06, D5,
BF, 1B, 64, 64, 60, AF, BE, A4,
8A, 6F, 51, A4, EF, F2, 02, D8,
8F, 8B, BA, 02, 04, 57, 57, 22,
8F, CE, 57, 03, F9, 67, AF, E1,
68, 9E, E3, B2, AF, DA, 88, E9,
3D, A2, F9, CC, EF, B6, EA, 67,
65, D1, E7, 83, B0, 23, DA, AE,
2C, C7, 5C, 97, 37, ED, 1B, E8,
07, BB, 3F, 63, 05, F0, B2, 70,
CD, 25, 11, 90, D2, C4, F4, FA,
7F, 35, A1, 4B, 80, 8D, EC, 38,
DC, E5, 58, 68, 18, 93, F3, FC,
F8, EB, 7F, A9, 26, 88, 2D, 54,
E0, E0, 9B, D4, 81, 51, C6, 42,
7A, 45, F4, E0, 78, FC, E9, 36,
AC, E4, A0, 73, 29, 01, 85, 77,
D3, 7D, 02, 8B, CB, 1D, D4, AB,
2E, 05, 93, CB, B3, 50, DF, AE,
90, 66, 50, 7A, 6C, 78, 31, F4,
1B, 28, 97, AB, CF, 16, 8A, C7,
FA, 9E, CC, B9, E7, 7F, B8, 34,
C8, 93, DA, 90, 22, 84, 27, 88,
BD, 14, 52, 81, 64, EA, 9B, 37,
03, CA, CA, 3F, EE, FB, 00, B0,
DE, 43, 3D, 1F, 6D, 56, FC, 5E,
F4, BC, 19, 12, 17, 65, 6A, E4,
D6, 7A, F4, 09, EE, DD, C6, F2,
78, 29, F2, 40, 17, A8, 96, A9,
A2, 3C, 68, 40, DA, 51, A4, 48,
98, 33, F2, B2, 28, A8, 05, 68,
D7, BB, 38, 7D, 26, 6A, 09, CD,
17, 5E, A5, DC, 52, 9D, 4A, 3F,
28, 61, 38, 9B, E7, DE, 1E, 32,
E5, 6E, 5C, 1D, 89, 25, 2E, 50,
7F, FE, 51, 90, 7C, 58, 28, 95,
DA, 90, FD, 39, F2, E3, 9B, 2E,
38, 27, 5C, 88, 70, 1D, 1E, B8,
23, 7C, 61, 8A, 2C, C1, CC, A4,
50, 97, BF, C6, C4, 48, 6C, 69,
79, 00, 05, E6, 10, D7, 04, 49,
63, A5, 0F, 79, 74, EF, D5, 3A,
43, 3F, E9, 8D, 9D, 1A, E9, 40,
32, 59, 52, 30, C5, D9, B5, 63,
D5, 06, 3C, 81, 95, 58, 38, 4E,
A5, 77, 45, 68, 43, 4F, 69, 88,
90, E5, E4, 0D, 85, A9, C5, 6D,
BD, 11, 67, A2, A3, 50, 7F, 29,
EE, F0, 0F, 38, C2, AB, 0C, 21,
05, EE, C4, 7F, 5E, 45, 4D, 68,
45, F6, 51, 6D, AD, 13, 8B, F0,
75, 6F, DA, 6B, EE, 96, 37, 88,
9E, ED, 6D, BA, D3, 0B, 1F, E4,
9B, 8B, 7A, D9, 15, 21, BB, 76,
16, 07, DF, 3C, 6F, F7, E8, 52,
3E, 9A, 91, 57, 70, B0, E2, A0,
59, 47, AC, F1, 8D, 6F, 30, 12,
6F, 36, CA, 21, 18, E0, 52, 41,
7B, E4, 91, CD, 64, D2, E7, D9,
E6, D7, 9A, 6B, 47, 15, 25, DD,
E1, 7E, 95, A7, B6, 82, 4A, 56,
A5, 88, 2D, 56, 43, 8A, 5D, D7,
2F, 85, E9, E6, B0, A6, 0D, A1,
28, 26, 9B, 95, 66, E4, A2, 30,
5C, 41, D1, C9, 82, F5, 66, 65,
98, BB, 02, 99, 97, 24, CE, EE,
FF, 05, 43, 02, 1E, 85, 49, 41,
14, A6, 18, 67, E1, 23, 2E, 56,
BD, D8, D8, 38, 98, 31, BF, C5,
AB, 4F, 16, A4, 7C, D4, FD, 8D,
5C, F2, D9, 06, 65, 89, A5, 7C,
8E, 77, 2F, E7, C5, 04, 1C, FA,
F8, 31, 7B, A2, F9, 98, CC, 27,
9D, DE, A6, 51, FA, 02, 4D, 81,
F5, D3, 5F, A5, 02, 03, 4F, 5E,
7A, CD, CE, 1E, 77, 8B, 85, F8,
EC, 0D, 61, 16, 99, 64, 09, EC,
5B, D1, 08, A6, 8A, 1A, E4, 88,
9E, 46, AF, 54, FB, 2F, 46, F0,
C5, E2, F6, D0, F5, 95, 76, DE,
E7, 14, AF, BA, BC, 2A, 96, DA,
E6, FA, 9F, 92, 8F, 39, 49, 5F,
2B, 11, C4, 34, 9F, E5, F2, BF,
D8, 59, CF, D4, 5B, 74, EC, 39,
36, 55, 19, D0, E6, 37, 40, 21,
23, E4, BE, 23, E1, 44, EC, AF,
E6, EF, 90, 20, 85, 62, 54, 07,
EE, 8B, 4B, 6F, DF, 62, 2F, D1,
1D, E1, 98, DF, 29, 6E, C8, 6E,
91, 13, F9, 97, 20, F0, BF, 09,
52, 8B, D4, 7B, 69, 61, 1B, C6,
27, 99, 36, 7A, 2B, E1, 14, 71,
39, DF, 95, 77, D2, AD, 49, F3,
09, 86, 4B, 73, D0, D9, BA, C8,
9C, D8, AF, D4, 55, 6D, E9, 30,
E7, A6, 8A, 1B, 46, B3, 10, 46,
E7, 90, 24, 79, C7, 17, 5F, AF,
D2, 5A, 6E, 43, 36, 83, 53, 2A,
87, DA, 07, 43, 0F, 2E, 31, 3C,
3C, FA, 9E, D0, E6, 1D, 55, 9A,
9C, 82, F3, 66, 07, 05, 82, B7,
1B, F9, 55, 51, 95, 47, 8F, 86,
34, 8F, 5B, E9, 2A, CE, DB, 01,
22, 23, A5, 16, 87, 34, D8, 0A,
75, E7, D5, 28, 63, F6, 3F, F1,
9A, 87, D9, 1F, 2E, 33, 2A, 7E,
5D, E6, AD, AD, 64, 79, 82, F9,
87, 33, A3, CF, 80, 1D, CF, 70,
08, 37, 12, 6D, 6F, F1, 02, FC,
E7, 0B, 21, D3, 75, 43, 69, B0,
06, 4D, 16, 5B, 4B, FA, AF, F7,
DD, B7, 0D, 78, 7D, D8, 7E, 48,
B0, 7B, 89, 70, DA, 7C, BC, 65,
84, 78, 51, AC, 59, C4, F7, 25,
04, F5, 6C, CA, 45, F3, B9, 40,
57, 56, FD, F4, 38, 39, 94, 0B,
DF, DD, F9, A7, 22, E6, 1A, 8D,
B9, 0B, B3, 30, CE, 4E, 3E, 1D,
94, D2, 9E, 0B, 09, 59, 6F, 56,
95, 6C, 0C, CA, C6, 83, F0, 2D,
B8, 25, 00, B9, 82, 07, 05, 1A,
99, 9D, 47, E2, 86, CE, 24, 59,
C3, 8B, 6F, 6F, A4, 49, AB, 6F,
90, 8B, 42, 05, 03, 90, FB, 4B,
90, BC, 9C, 80, B9, FB, 6A, B4,
5B, E7, 60, 16, DE, 3F, 36, 00,
A9, 3B, 02, 9B, 8E, 01, D8, C7,
0F, 12, B7, C4, 69, 35, AE, 81,
46, 9C, B5, 0C, 62, 40, C1, 57,
F4, D5, 73, 33, 65, 58, AE, C3,
A7, C9, F6, 8A, D5, 08, 3B, 98,
B3, 52, DF, 02, 36, 0B, 8D, 58,
EE, 5C, A9, CC, ED, F5, D9, BA,
07, 33, 37, BB, CD, D1, 6B, F4,
D9, 37, F1, 86, 92, 8F, 8C, 8F,
48, 03, 80, 7E, EB, EA, 74, C2,
40, 58, 69, E8, E3, 55, 40, DD,
6D, 9C, 0D, 8F, A9, BA, EF, E9,
87, 55, AE, 27, D9, CE, 86, CC,
65, EF, 0B, FA, 98, C1, E3, FF,
E4, CC, 13, 80, 5F, 8B, 85, 5D,
60, 99, E5, 67, 2A, E7, C5, 57,
30, 8B, 77, D5, B1, DA, 63, 42,
7C, 6D, 92, 88, 6B, 22, D5, E0,
42, 01, 77, E5, 14, 7E, 4B, D2,
DD, 10, 42, 35, F4, 81, 2D, C5,
00, 90, AA, F1, 24, A1, 8A, DB,
E0, A1, 4C, 87, C1, 2C, 5C, EA,
DD, 66, 05, 93, 0D, A8, 23, 4A,
C2, C8, E9, 44, A1, 4D, 68, 77,
FE, EA, 84, D5, B3, D3, 02, 06,
2E, 72, 92, 19, 03, 20, 45, 7F,
C6, 17, D3, 75, 98, C4, 41, BD,
06, 1F, 95, 93, 5A, 16, 22, 8C,
9E, C0, DC, C2, E5, 65, 1E, 6B,
A8, 9F, 7D, 2A, BB, CF, 00, 7B,
8B, D3, 60, 5E, 15, 8F, 5B, 01,
78, B3, 2B, B0, 3F, 79, 7D, 7C,
80, 0C, 2D, 66, 1B, 2D, EA, 37,
AD, 8A, 94, BA, 14, 74, 55, 64,
1C, E9, 26, 0B, AB, D0, 23, 54,
94, C6, EC, 35, 2F, 95, 78, 43,
61, 5E, 2E, 8F, 7A, 43, 86, B9,
38, D0, 45, 4C, 1B, C0, D5, E5,
77, 01, 24, 90, D4, B2, E7, 74,
01, E0, BB, FD, 4D, EB, C1, 67,
CC, 7B, 73, 9B, 56, 52, 91, 2C,
0C, D2, 49, CF, EA, 39, A2, CA,
6E, 16, CD, E5, EA, 8F, 1F, D0,
05, 0F, A3, 46, 6F, 9C, 2E, E7,
C4, C7, 8D, 61, 38, 9B, B5, 1D,
60, 58, B8, EC, 88, B9, 91, B6,
DF, BA, 4B, 8A, ED, 58, 28, DA,
80, 4C, F7, 89, 98, 8D, C9, E8,
BF, 12, 97, 02, 7A, CE, 40, F7,
D1, 4E, 9F, C1, 13, 94, 57, 58,
5B, C7, 96, 48, 24, 37, F6, E0,
F5, AC, ED, CD, DD, 6B, F8, 50,
F1, 75, DC, 6F, 2A, DB, 4C, 8A,
D6, AC, D8, E4, 12, 8F, 9F, F4,
61, 7D, 27, D1, 46, D7, C6, 6D,
71, 4B, 97, ED, 66, CD, 06, 6C,
7D, 7E, 21, 00, E7, 1D, 9D, F2,
E0, DF, D6, B5, 65, EE, F0, D5,
77, 52, BE, 29, 90, 04, 1E, 38,
4A, 9C, F2, FB, 2F, 41, 76, 79,
2C, B1, E8, A7, BB, 31, 93, 31,
BE, D7, C9, 73, 09, B9, 3E, E9,
B7, 50, 1E, 65, 45, A9, 9C, 02,
AA, 5A, A5, A0, 3F, 70, 46, B9,
6C, 42, 24, 2F, 38, 2F, 1B, C8,
CB, 91, 49, 1E, FB, 94, 7C, 7D,
F3, 26, FA, 2B, B1, C0, 85, F4,
FE, 06, 7E, 1F, B4, 6C, C0, B6,
47, 16, F2, 94, 09, CF, 48, 9F,
58, CA, 18, 94, F0, 22, C4, 1A,
A3, 28, 6E, 18, 79, 26, 1A, C9,
ED, 76, 4B, 82, CD, 15, D6, 45,
57, A2, DF, B7, 94, F5, 21, EA,
51, 20, 2C, 94, 3A, 2A, 49, B7,
9A, FF, E5, 35, 79, AC, 3D, 88,
A8, E3, 82, B7, 48, A9, 77, 5F,
CD, 79, DA, BE, BF, E7, 3B, CA,
93, 1B, 8F, DC, 89, 7B, 36, 36,
EC, B0, 89, AC, E8, FF, 55, 0C,
9B, 0A, C6, 34, 60, C4, 35, F6,
11, 91, A5, 17, EE, 83, DB, 9E,
BF, E5, 5E, 39, C8, DE, 56, 2F,
18, 57, 71, EF, 6F, 9D, A9, 96,
9E, E6, B2, 33, 45, FB, 06, 53,
79, 1E, 1C, E9, 1C, 4B, D4, 3C,
6E, 42, F1, 2F, 80, 5D, 4D, CC,
E4, BC, 9D, F7, 6E, 07, EA, 7F,
BD, 33, 1A, 00, 2C, 74, 98, 9A,
C0, C9, 2A, F6, B9, 57, 2D, 3F,
FB, 40, B7, D6, 86, 70, 77, BC,
8A, 11, F1, 69, 81, 28, 36, 43,
23, 73, C0, EA, 6D, 95, 0A, 06,
E8, DE, F6, F2, 31, 1A, 37, 1D,
E0, 0F, 0C, 04, 34, 70, 0A, B2,
4F, 91, 37, 17, 18, 8A, D9, 03,
35, 11, C6, 08, 09, 03, B8, CF,
74, 67, 4B, 20, F4, C9, FE, 98,
DA, 9D, C3, 26, 19, 43, DC, 45,
65, 47, 69, F1, 27, 50, 11, 9C,
45, 62, 08, FF, DF, 04, AE, 00,
DB, 3D, E1, 91, 2B, DA, F7, A5,
1F, E4, E4, 76, F4, 06, 38, 5F,
C9, A0, 70, 46, 95, D1, 2C, 58,
5F, F7, C6, 31, BB, F6, 89, 48,
9C, 75, 46, 54, 94, A5, 99, E2,
B6, F7, 3A, EF, D2, 9B, C5, 5B,
AE, B3, 74, FF, 1C, CE, 36, AC,
E7, 3B, 3F, 9C, DE, D6, 16, 47,
3E, DF, 86, 6A, 39, 88, E8, 63,
06, B8, CD, 15, 2D, 9D, DB, 58,
FC, 1C, FA, 8A, A5, 5F, 47, A3,
80, 22, 55, 84, AB, 3A, A0, 67,
EC, FF, 57, FE, 90, FE, 8F, C5,
90, 51, CF, 2B, C3, 5C, 95, D0,
B5, EF, 68, AD, D9, 10, DE, 31,
6E, 48, EF, 17, 96, BB, D6, A4,
B7, 77, 30, AB, 1A, 6C, 83, 3C,
5B, 87, D4, 61, 36, 0C, EB, 0A,
4D, A0, 35, BF, A8, 54, 4E, 3D,
A8, 6B, D2, 16, D7, CB, 70, 8F,
1B, 5D, 8C, AD, 3A, A8, 84, 1C,
9D, 80, B4, 4F, 29, 54, 60, D6,
3A, ED, 64, 3D, 5A, DC, 3A, B0,
23, 4D, FC, 7A, 0D, 25, B4, 5B,
4F, 2F, 79, 17, 86, BD, 72, 38,
FA, E7, 10, 2C, 8E, 32, F7, B4,
6A, C4, 62, FE, 94, 6E, A1, 22,
8C, 4C, 9B, E3, 04, 39, 3E, 7A,
CA, F7, 23, CE, 41, 65, 2F, 8D,
37, 70, 8F, C3, 88, 04, B4, 89,
EB, E9, FA, 69, F4, A4, 0A, C6,
AC, D0, 71, A5, 53, 52, A9, F2,
9B, 25, 40, A9, 2B, 5E, A2, BD,
51, F5, C1, 41, 0B, 6E, 65, 9F,
F9, A3, DD, 3C, 16, 30, D7, 5D,
61, 00, 36, FF, 65, B1, 56, 38,
3B, 39, CC, B8, 13, 89, 51, 63,
E8, B2, D8, 7C, EB, 61, EA, 1E,
DF, 30, 24, 74, 33, 71, 5F, 80,
04, 8C, 72, F1, DB, 46, EE, 19,
63, FC, 3E, 90, 79, 73, C9, 3E,
3C, 24, B7, CF, 5F, E3, 34, D1,
81, E6, F1, 9A, A8, A4, D4, 34,
31, 9E, 5D, A2, 2F, F2, 56, E4,
6B, 13, 5C, 38, 88, 26, ED, 60,
35, 2C, 71, 1C, 62, A3, C0, D0,
AD, 8E, D3, C8, 58, 9D, 58, 47,
FB, 33, 3F, 17, 02, BC, 40, 6B,
A3, 78, B3, 30, A0, D1, 9D, 67,
DB, C3, 5B, 98, 1F, 9D, 67, 66,
6F, 1B, B0, C5, BD, 03, 3C, DD,
6C, A1, 44, 00, 21, 75, 7E, E7,
C8, 33, D1, 19, 31, F6, 8F, 72,
D6, 1B, 05, B3, 9B, 64, 0C, 27,
19, B8, A0, 99, FA, 95, 99, 14,
76, 27, F2, 69, 15, 6A, CE, 56,
A5, CA, 1D, 6D, C0, 9D, CA, 45,
C1, 71, E8, F5, B3, 1D, EB, 21,
5F, 3D, 03, CA, 23, BA, 26, 6C,
FD, 98, 97, 40, 42, F2, D0, A2,
66, 90, 2D, 6E, DB, 40, 99, FE,
AF, E4, CF, FA, 35, 62, 77, DC,
08, FB, BA, DE, 16, 8D, E8, 06,
D3, 81, 03, C1, 4F, 7B, 6E, 88,
D1, 82, 91, BE, B4, C2, 07, E6,
F2, 13, 28, 60, 4B, 74, A9, 5E,
EE, 7A, CE, B3, C4, 4C, 95, FB,
DB, 1E, 8E, DB, CC, A7, 06, BB,
6A, 55, FD, E9, 7A, CD, 16, D3,
3B, 31, 0B, 47, 8B, 9A, 05, C0,
3A, F3, 31, 13, B0, 0C, 44, B7,
CA, 71, 8C, D8, 05, 40, 43, 64,
13, 81, A9, C1, E0, 24, CD, F8,
47, 8A, BF, 7A, BD, EA, 4F, 2B,
4B, A0, 59, BE, 2F, 7E, A5, B3,
D8, 9C, 9D, D3, 2B, 3A, 6A, D7,
45, 42, 3A, 37, 76, 5C, 0A, E3,
3C, C1, 74, 6B, 60, 4D, 44, B9,
A4, D3, 79, D7, 7F, AF, 1A, 2E,
5D, D1, BA, 66, DC, 24, F1, 7A,
F0, 47, FC, 14, 8B, B5, E5, 05,
FC, 46, 26, C6, D3, 09, D2, 48,
F2, 8F, 4E, B5, FF, 92, DB, DE,
11, 1D, 84, 95, AC, 35, 72, 84,
1F, 3C, 0B, 47, 95, AA, 32, 08,
FF, 52, 89, 66, F3, 02, 5A, 65,
5D, 9D, AB, 43, 6E, 11, B9, 33,
20, A3, 48, DE, 43, F8, 7B, 43,
E6, 93, 0D, 3D, CF, 10, CF, 2C,
EA, 97, CE, FC, 63, 0C, 9E, 13,
4F, E3, 11, 00, 32, ED, 9B, A3,
D9, 38, 36, 1D, F6, 42, 66, A1,
B6, 94, 9B, 3E, C3, 03, 3C, B3,
8F, D1, B0, D6, 13, 2C, CB, C3,
60, A6, 88, 65, B1, AA, 5C, A5,
6B, 4A, DB, 41, 3D, A5, B2, 40,
9E, EA, 01, 5A, 6F, A8, 92, 20,
D5, EF, 47, 45, 28, 9B, AF, 65,
AC, 04, B6, 19, 39, 33, 05, 2B,
9D, 16, 69, 9B, AA, 25, 2A, DD,
66, A3, 1B, 0B, 3F, 9E, 02, 0F,
8E, 87, 47, D2, FF, 58, 9B, 81,
7B, D8, 36, DE, 96, 6F, 80, 31,
98, 0F, B7, 6E, E2, 0A, E9, 8C,
5D, 13, 9C, 3D, 3A, CD, 0B, 86,
11, 67, 17, 85, 14, B8, 57, AF,
DE, 65, 97, EF, CE, 67, 3F, 23,
D7, 12, 27, 9E, 7D, 47, 1D, 62,
41, BC, 40, 73, 12, 98, 60, 07,
D0, 20, B0, 68, 71, EC, 8D, C6,
28, A7, DD, CD, 0F, F4, FB, EF,
04, E8, 7C, 0D, 10, FE, 35, A6,
FC, EF, 01, 99, 8D, F4, 10, 32,
66, 64, 67, 24, 9A, 6A, B7, 7D,
0D, 90, 50, CB, 1D, 34, B3, 2D,
53, 5A, D8, CC, 3B, 68, AF, 3F,
39, 50, 68, F8, BE, AE, 63, 5E,
89, 60, 9C, 47, 76, DE, 0A, 6A,
45, D4, 47, 41, 3D, 97, 4F, 04,
B7, 0F, CE, 6E, BC, 2C, 50, B4,
67, D3, 3A, 78, 24, F7, 94, 7D,
8A, B7, C6, 7A, D6, E2, B5, C4,
D5, 1B, AD, BC, 3A, AD, 99, 08,
99, 62, 5B, 27, 15, D1, B5, 40,
F9, 57, 8E, 34, 41, 1B, 7D, 6C,
51, CD, 6E, DF, C0, 30, 81, D6,
CC, 57, 67, 2A, 6E, DE, 2B, 23,
A6, 05, D5, B5, 7E, F9, E1, 0C,
D4, 67, 50, 9E, AA, 61, F2, DA,
50, F1, 43, CD, 03, 62, B3, 70,
A3, 9C, 47, 8C, 5D, 74, EC, B4,
BA, C1, 3C, 82, D9, C4, C8, 20,
91, 55, FA, 9D, BE, 48, E9, 29,
34, 7C, 96, A7, 3B, F2, 81, AE,
E5, 21, 1B, BE, 7A, F6, B5, 13,
CF, 63, 1D, 75, 00, B0, 66, 77,
37, E3, D4, F6, E4, 59, 1F, 82,
D6, C5, 36, D5, E4, 41, B7, CF,
3A, E3, 46, E4, 4B, C7, 68, 30,
50, 81, EA, 40, 34, 01, 40, 38,
B7, 47, 10, 24, D1, 19, AE, CC,
79, E4, 24, FE, 79, CD, CA, 10,
A9, EC, 1E, BE, 64, 32, 0C, F4,
CA, 1B, 85, F0, 33, E0, 90, 87,
AE, AB, 46, 56, F0, 93, 8F, F3,
D8, E2, D9, 91, B5, AD, C5, 65,
FA, E4, A0, BB, 2A, D0, D1, 2D,
05, F0, 70, 7E, 40, 6A, 6C, 05,
5A, F9, 53, 24, 1A, 2B, 5B, 32,
63, 43, 3D, 60, FE, 88, 3A, D8,
B8, 53, 78, B7, 9E, 2E, 7B, F5,
1F, C0, 9A, 64, 48, F4, 81, 0B,
9C, 14, 6F, 58, FD, E0, 8C, FF,
F5, 62, C5, 27, 5A, EB, F3, 04,
D2, 05, F9, 03, A2, D5, B1, 86,
D1, 98, 99, 90, 77, 82, 24, 0A,
FB, 7D, D9, 3F, FD, 7D, 7B, 55,
3A, 47, 0D, 05, 92, EC, 74, 35,
91, 4B, 08, 35, C7, 73, 00, 91,
61, 9C, FF, 8F, 67, F6, 41, 9C,
3C, DF, B3, 02, D5, C1, 90, AF,
AD, 50, 89, D7, 78, F2, 59, EC,
70, 52, 70, 31, F1, 0E, 2D, 1D,
01, 95, 3E, 76, DD, EF, F4, 73,
7F, EF, D7, AE, 4A, 45, 18, FF,
B2, A1, A3, 15, F7, EA, 3E, 6F,
08, 02, D4, D8, 93, 9B, 32, CD,
CA, 68, 6A, AE, 54, F7, D1, 5E,
CD, 13, 3C, DB, 4A, 0F, 8F, D0,
17, C7, 13, 56, 03, 6C, 47, 75,
6B, 9D, 1B, FA, 82, 23, 45, A5,
4E, 61, CA, 68, A2, B0, B9, D4,
39, 31, 83, C5, 36, D0, 83, A6,
0F, 38, F0, C2, 17, BF, 41, 9B,
6C, 58, 9D, B6, 33, 3A, E5, 8B,
FE, 05, B3, E6, DC, B3, F7, 33,
5F, 7A, 54, 9E, 21, BD, 52, FF,
55, EA, 4C, D0, EF, 53, 69, 3D,
B6, 91, 5D, 6E, E9, AD, 88, EF,
45, 60, 13, BF, EA, BE, 26, 9D,
83, 96, 4C, B4, 88, 61, 74, 24,
D2, E6, DE, 1D, 8F, 09, 6E, 44,
BA, 85, 7B, EC, 59, CC, 45, 41,
01, BD, 76, 8D, 32, 2A, E8, 22,
3C, 77, C2, 7C, BA, 10, D1, 81,
99, BB, 0D, BD, 9E, 91, 71, 51,
03, 44, 7C, EB, 8A, BC, 45, BB,
70, 19, 96, 4E, FA, 0E, 14, 08,
BA, ED, 83, 05, 16, BD, 9F, D9,
2D, 35, F0, 60, 65, D1, 80, 47,
17, 9D, 6E, 16, 6B, 46, 08, 13,
82, 9C, B0, 42, DD, 4A, 3E, 4F,
F9, 05, FE, CB, 6E, 64, 79, F1,
35, 64, B1, 38, 0B, D4, 79, C1,
8B, 37, 2F, 77, 12, 72, D1, A8,
61, 32, 90, 3B, AD, D6, 8E, A4,
05, 35, 98, 29, 9D, 8A, E7, 59,
87, AB, EE, 0F, BE, 3B, AB, F3,
B9, 1E, E5, 51, 9F, BB, 97, A4,
74, 0E, 24, A9, B9, 73, 67, 92,
15, 30, B5, B1, 0A, F8, D2, 03,
9B, FD, 75, C5, 5E, B8, 04, 1C,
C9, 41, D1, 04, 4B, E8, 07, 6A,
F4, 07, FF, C8, 88, 45, 7B, DC,
85, 0F, 28, 54, 32, F7, 22, DF,
E9, 69, 0B, 7A, 8B, B4, A9, CD,
FD, A0, 19, FE, 7F, D7, 2C, E1,
BE, 4E, 37, 3B, 48, 22, 8B, 31,
16, 9D, 56, BB, BB, B3, D8, 54,
40, 59, 5D, F7, FD, 35, 21, DF,
BC, 84, EB, FD, 3E, 40, 94, 59,
1E, FB, 0F, 7D, 56, 1A, C8, 3E,
23, 54, E5, 16, BA, 05, 09, 53,
72, FA, F9, CA, A2, D8, 9B, BD,
47, 91, 89, DB, 6E, 44, A7, AD,
59, B8, 89, 37, 2B, 20, A8, 0C,
FD, 71, B4, D4, 60, D1, 81, F3,
AF, C8, F6, FD, BB, C9, 40, 6D,
7E, 64, C2, 72, A0, 1F, F5, 9D,
A1, DE, 69, 2E, D9, C9, ED, 31,
F8, EC, 71, 30, C0, 30, 0C, EE,
91, 63, 82, 20, 92, 20, B5, 20,
71, 8E, 15, 7C, 24, BD, D2, 85,
77, D7, ED, CF, C0, 20, 61, A9,
38, B8, 69, C1, F3, 1C, A1, 19,
D9, 2B, 90, 4E, C9, E1, B4, 9F,
C1, 32, C0, 53, 6B, AE, 6B, 6A,
C3, EC, 68, C0, F3, C8, D7, 16,
A0, 25, C9, BE, 61, F8, EA, 1B,
06, 82, 28, C4, 8B, 91, A3, CE,
A4, 0F, D0, AA, 09, 43, C2, 95,
D1, D5, A5, 66, F3, 70, 55, EF,
20, 72, F2, FC, D3, DD, CC, C0,
3A, E5, B7, 59, CC, F8, 3C, B6,
86, 16, BA, CC, C4, 52, 94, 9C,
EE, 87, DE, 94, B3, B7, 23, 71,
26, 31, A8, 9D, FE, 9A, D4, EE,
5A, 78, 72, DA, D8, 04, 62, 2E,
F9, ED, BC, 22, D4, D9, 60, 9D,
78, 9A, 74, 72, 90, 3C, FE, 80,
C4, 73, 28, 0C, 83, EF, CE, F5,
83, D3, D6, E2, 69, CE, BA, 57,
FB, 12, 92, 6C, E9, F9, 2C, 10,
C1, E0, 4A, D2, 2D, DB, A9, 5F,
52, A4, EB, 50, F3, E6, 7D, 16,
BB, 14, 7D, DC, B3, FF, E5, 05,
CF, 6C, 03, 61, 0D, 4A, 12, 46,
E6, 9F, 4D, 20, 93, 37, B3, E8,
BB, FB, B1, F2, 5C, 0E, 9F, FE,
FB, 97, 61, F9, F7, 34, 12, 56,
31, BA, 8C, 49, AB, EB, EF, DA,
F7, 2F, 5B, 7F, DB, 81, 67, 78,
42, 06, E2, AB, 68, 82, C7, DF,
50, 0C, DE, EE, 5F, 02, AD, 1B,
8D, 55, 50, 0E, D2, 95, C1, A8,
0F, 8F, D8, C8, 93, 8D, 90, 39,
22, 67, AD, 99, AC, 77, FF, 59,
36, 26, 5B, 18, 67, 5B, 25, 00,
92, 24, 32, C1, 6B, A6, 18, 39,
3B, 87, 30, 07, AB, 80, 4C, 04,
7A, 68, 84, A4, 91, 71, 70, 53,
A9, 87, 33, D3, C0, C7, 2E, 04,
F9, AF, A8, 7C, 16, AF, 0E, EF,
DA, 65, 71, 2C, 86, 31, 0A, B9,
F1, A0, 1B, 9D, 61, 9B, CE, 0D,
62, E5, E6, 93, 40, C3, 0D, 15,
12, 42, 84, 4E, 1F, 79, 56, D2,
9D, 10, 8F, 55, 33, 23, 9D, 1C,
80, 3B, 4E, A3, CB, 05, 2A, DC,
DE, B1, 19, 7E, 5D, E5, 4B, C4,
FC, E9, 5F, 31, C5, 46, 5B, DC,
16, FF, 96, 4A, 95, A4, EE, 9C,
DE, BE, AB, F3, 23, 77, 54, 05,
F7, 7F, 37, 0E, F2, 5C, 7D, BA,
4E, 2B, 02, 44, 9E, 1E, 19, DE,
BF, 62, FD, 66, 7B, 8A, F8, F8,
19, E4, 00, C6, EB, 33, DF, CD,
42, 6C, 38, 80, 4D, 69, EE, 1C,
EA, C0, 46, 2E, CA, 06, 52, 93,
EB, A8, D6, FA, 2E, DA, 3E, 28,
EF, 49, 7F, FE, 4A, 9E, AE, 1E,
97, 79, 7B, B2, C1, 41, D9, 14,
61, 8F, 4D, 4A, 10, 62, 0C, 46,
19, 99, BE, 99, 2A, 99, A5, 41,
E1, D1, 53, 4F, CC, 42, 1F, 38,
24, 06, F7, 93, DE, 84, 1C, 9F,
CB, 34, BB, 69, 10, 77, 78, 75,
1E, 74, D3, F1, F4, 1D, A8, EF,
A9, 9E, E8, 25, EC, 0D, F9, F5,
B7, DB, D9, DE, 43, CB, 6F, AF,
AB, C4, 9D, 8F, 66, 6D, 9C, 7B,
32, 4E, B4, E4, 92, C4, AA, 7D,
5E, A9, 0A, EA, 81, 54, 54, 0E,
F8, 60, 91, 95, B0, 7C, 00, 62,
91, 46, 27, 2E, 0C, 48, A6, 70,
C1, 62, 62, 05, 5C, 04, 41, E0,
9B, 78, B0, BE, 6A, 90, 56, B8,
4D, 12, AD, 9C, 70, F8, FA, 04,
DA, F5, 31, 0A, B1, F0, 96, 76,
AA, FC, 67, F0, 6A, B3, 7E, D5,
C0, 65, DC, BD, F0, EC, C1, C5,
EC, B5, D5, 85, 16, DB, C2, 77,
96, E0, A0, B6, 67, A9, 32, C9,
A1, 24, C6, 65, 7D, F0, E6, 6A,
CD, 37, 23, 5B, C6, C3, 75, E7,
EE, 8E, 64, 61, 25, 05, 17, C8,
E8, 7A, 73, BF, 80, 89, FA, 88,
5A, D4, D2, 48, 7E, 67, E6, 14,
40, B4, D9, C0, 7D, 50, 6E, 62,
22, CE, CF, 78, F5, 0D, F1, 8C,
9A, 7C, 1B, A0, 90, 5A, D5, 5F,
A7, 2B, 81, 06, DF, 76, 89, 09,
4A, BE, F3, B0, CB, 9C, D1, 87,
FB, B3, 0B, B1, FE, 21, C0, D4,
AC, 93, 77, 08, FC, 7F, C3, 17,
7B, DC, 79, CD, 66, 7C, 3D, FC,
61, 52, B6, E0, F3, 1A, A4, C5,
02, C6, 54, 79, 45, A0, FE, EC,
D5, DE, 93, A0, CC, 15, 6F, 03,
6D, 42, 45, CE, 07, 80, 54, 12,
A9, 32, FD, 5A, 6B, B2, 3E, BE,
15, E9, 44, FC, 44, 74, 29, 54,
90, AA, 50, 40, 17, D4, 10, CA,
4E, 64, 39, 08, ED, 23, 05, BE,
B7, 13, E0, E8, 66, C7, 96, 09,
3B, C1, 03, F4, 24, 72, 08, C5,
1E, BC, BE, 53, 02, 3A, DC, E7,
49, F2, 29, 84, E4, D4, CA, 27,
B4, E7, E6, 60, 30, 4A, DC, A6,
22, 91, DF, 3C, 30, 9B, EC, 48,
F1, 71, 0B, 83, EF, E4, 22, 53,
F5, 49, DB, 40, 21, B8, B1, 47,
9D, FF, C7, 32, 88, 2F, 27, 65,
2F, D3, E6, 6B, B9, 9A, F7, BB,
F5, AE, BA, FC, 23, E5, 85, 74,
11, AA, C9, 04, 52, C6, D8, 47,
10, BD, 0C, 30, 1F, 01, 68, 0A,
F4, B8, 61, 64, 12, D9, BB, 6F,
2E, 35, 4E, D2, 57, 34, 6D, 37,
86, 45, 8F, 2E, CA, 86, 84, A4,
8D, DD, 16, 77, CC, 22, 34, 86,
4E, A8, C2, 38, 86, BB, C7, CF,
8D, 25, ED, 9D, 4A, C4, C8, E9,
B4, D5, 85, 0D, 5D, 4C, A7, 62,
27, 6E, CF, A1, 20, 74, CF, 2F,
65, 49, A9, EF, 89, D1, 59, 3B,
5D, 7C, 16, 02, 29, 53, 59, B9,
AA, 63, 59, A4, 1F, 9A, 13, D3,
DC, 81, BE, 1F, CC, 22, 9D, A3,
F2, 8F, 89, 27, C3, 40, 0B, 6D,
6F, 65, FD, AB, 6E, A7, E3, D8,
F2, 9E, 9A, FE, 8E, ED, E7, AB,
F8, 18, 7F, F4, 08, 64, 52, 0E,
55, DA, C8, 9E, 04, 9A, 7F, C0,
25, 88, 01, 76, 21, 84, E3, DF,
B7, 95, F2, 1A, B0, 17, 71, 18,
8D, 44, 2E, 7E, FE, EF, B7, 25,
27, 57, 8A, 66, F6, 4C, 4A, BE,
7C, DC, 98, 15, E7, 6C, 7F, F9,
AC, BF, DF, D5, 15, CC, AB, 74,
DB, FE, 5B, F3, EE, E3, 0D, 86,
7C, A6, 4E, D3, FC, FC, B7, 50,
6F, 1D, 85, 98, 11, 16, 17, E1,
D0, 3D, AA, 58, 5D, 7B, E7, 96,
B7, 34, B1, BC, 04, 32, E5, 45,
1C, 6E, E6, F3, 39, E3, CB, 66,
89, 1A, F5, C7, 06, C3, 38, 5B,
DE, 18, 2B, 7D, 52, 71, 18, 90,
2B, 3C, D1, CD, 33, A2, 95, 76,
4C, 39, 5E, D7, E3, 38, 12, 4C,
F7, C7, BF, 30, 66, 6C, D9, 55,
98, 4C, 9D, 06, A7, 2A, A5, DD,
09, 67, 31, CB, CD, EC, 28, D4,
07, 47, 71, 91, 71, B2, EA, A9,
F1, 59, 5F, 5C, 92, DE, E7, 50,
C5, 59, 8B, 0D, 75, 34, B8, 61,
E3, BF, 75, 5F, C7, 26, 3F, 1D,
39, 53, 0E, 58, 0F, 6D, A0, A5,
8F, 38, 41, 18, 6A, 5D, F9, 94,
48, D2, F5, C1, 6F, 50, C1, 83,
38, 2C, A4, 58, D4, 69, 7A, B6,
D6, 2C, 99, 88, 3E, C6, 4C, AF,
E7, 4D, C8, 98, 19, DE, B2, 78,
83, 80, 8C, 3A, C0, E1, 18, 0B,
2F, 25, 13, 30, F9, 0F, 43, F6,
C2, 2C, 0A, D9, 90, 2B, 87, DA,
51, 13, 34, C3, E6, C9, DC, BC,
82, 47, 8E, FE, 7B, 84, 48, C9,
3E, A4, AE, F0, B3, E6, 63, 14,
A2, CD, A3, 30, 7B, CE, 51, 08,
00, 41, 17, 84, B3, 71, BD, 28,
49, D7, F5, D6, E5, 63, 35, 44,
08, 1A, 8C, D2, BD, 5C, 2D, 15,
93, 1F, 87, 7E, AA, 27, 7A, 71,
F1, CC, 2F, D5, A3, D8, EE, A8,
7E, F5, 27, E2, 01, 0C, DE, 7F,
CE, 2F, 13, 16, 32, 50, 6A, 04,
8E, 46, ED, 07, BE, 99, 32, 93,
30, 25, C1, BE, 93, 4D, 2B, 4B,
3F, E2, D2, 42, 0A, 8A, 4E, C5,
95, 88, 7B, 77, 80, 51, D9, F4,
28, 66, E5, 00, 3C, 4E, F8, E9,
E6, 82, 38, 50, 8E, 8D, C8, BA,
B6, 9A, 32, 1A, 0D, 20, A2, 28,
04, 48, 5A, 43, 20, 00, 8B, 22,
16, 8F, EC, CA, F9, AB, 0B, 0C,
43, 62, E8, A9, 7C, A5, 24, 19,
6A, 65, FE, CF, 74, 45, 31, 4C,
D4, 8E, 4C, CF, D4, 11, 51, 57,
F1, 73, 5F, 54, 25, 7B, 4A, 4F,
33, 03, B0, 17, F4, 7B, CA, D2,
AD, 80, 0B, EC, 9F, 7E, DD, BA,
7B, 05, A2, 16, DD, 9E, 4A, 32,
EE, E1, 4C, 0D, B1, 70, 71, 0A,
C0, 7C, A7, 9D, 1C, BE, F0, 69,
35, C2, 8A, E6, CD, F5, 82, 63,
D0, F2, F9, E5, 65, 41, 6F, 93,
BE, 98, CB, 00, A0, B4, 2E, 87,
EC, 60, B3, 4C, 79, 10, 74, 59,
1B, 89, 29, 2F, 11, AF, 7A, 8F,
F0, 45, DB, 7C, 4F, 9A, 03, 0E,
C0, C7, 90, 49, 56, 9D, BF, BD,
1E, A3, C0, BB, 0E, DB, 8D, 1F,
11, 33, A6, 8F, B1, 81, 84, 91,
5F, 1F, 83, BA, 43, EC, 13, 63,
9B, 89, D1, 52, 88, 2A, 10, 8C,
DF, E3, FE, 89, 55, E6, C7, 7B,
C0, 0E, 18, 22, 76, 95, 8B, 25,
BF, DB, 16, E0, 8C, 90, BC, CE,
38, 21, 5B, 24, B2, C7, 02, 52,
EB, F6, 08, 93, D8, AB, C8, 54,
F5, 25, 59, F6, 90, 77, A6, 19,
8A, 1C, B4, 86, 37, A6, 61, FE,
F1, B3, D8, 49, B2, 4E, BF, 3D,
FC, D6, 15, AB, 8B, 16, 84, 7A,
21, CD, 1F, 49, 3C, 11, 73, A2,
7C, 7A, 4B, 38, 97, 03, 25, FA,
F0, BE, 87, F7, 45, 78, 16, CE,
75, BA, FC, 6E, A4, DD, AA, E5,
36, 8E, 3B, 58, 34, 49, 5F, AA,
4D, 72, B6, 41, A7, 0E, 49, D7,
5B, F9, F3, BF, C8, E5, 33, B5,
B1, 7D, D2, EA, 19, 74, 97, EF,
6C, 3F, D3, BC, AB, 19, 99, D7,
44, 88, B9, D7, F1, 9E, 45, 5C,
28, 4B, D9, 59, 63, EA, AD, 41,
22, 68, EF, 3D, 95, 48, D8, F6,
D9, 3C, 33, E7, 19, 31, BB, 85,
94, C4, 2C, C7, 15, 6A, 1A, C4,
BB, A5, F8, 0E, E6, C2, F5, 4A,
2D, B1, 2B, 7B, 98, 42, F9, 52,
AD, 7E, 20, E1, 3A, F5, 9E, E7,
81, 00, 0E, 96, 58, 12, C7, CD,
9D, 7F, E0, 70, FD, 74, 3D, C6,
1A, 28, 81, 02, 32, 7A, 76, 0D,
B0, 6E, 2F, B9, 11, 5C, FC, 9D,
37, 24, ED, 49, 6D, DB, F6, 2C,
9F, BF, 2B, DC, C0, 63, 5A, C9,
25, D0, 8F, 64, FB, 23, C4, 1F,
A9, 67, 4A, C4, 94, EE, D5, D8,
8E, 6C, 27, EE, A6, 89, EA, 00,
C9, 23, 6B, 9D, A7, 45, DE, 36,
8F, 99, 56, 7D, 09, 00, 80, 91,
4B, C2, D1, 26, C3, 49, 3A, 4C,
0C, AD, 8C, EC, FE, 3F, 5B, 54,
3B, 1E, AB, BB, A7, 4B, 36, 93,
06, A7, FD, F9, 77, CC, 2F, E1,
5B, F0, 96, A3, 81, 4D, 9F, 3B,
EC, 0D, F4, B1, 01, 0C, A2, 3C,
D5, BA, 62, 67, AB, F9, AA, 6F,
A6, BA, C4, 8D, 55, 2C, FA, 0F,
D6, C4, BE, 43, F7, 85, A4, 0F,
25, 65, D3, EF, B1, 9A, 2C, E8,
0B, 10, 51, A2, 4C, CA, 70, A8,
B5, A0, EF, BD, 25, 7B, 46, 20,
FB, B4, 86, E1, 46, A3, 30, 8D,
55, 6F, 09, 75, 21, D4, 9C, 5E,
03, DF, CD, 50, 91, 8D, 38, 76,
32, D9, 09, 89, 4E, D4, 55, 01,
D1, F8, C2, 67, 80, D2, 89, 3A,
67, E4, EE, 74, E1, 72, 78, 1B,
19, D6, 24, 84, DC, 58, 9C, 21,
51, DD, 74, 55, 7C, E1, C0, BC,
50, 5D, 4A, C3, D7, 86, FC, 33,
59, 31, 0D, F4, 3E, 54, 6B, FC,
0C, 84, 82, 66, 98, 29, 25, 89,
C9, 75, 47, DB, 81, A7, D7, 1C,
55, 52, 5E, 06, 7E, 7E, 51, 0F,
4A, 6B, 83, 66, 28, 99, EF, C0,
1E, BD, 62, B7, 7B, 5D, D0, 9B,
BF, 30, 73, 86, D5, CB, D2, 92,
8D, 7A, B2, D3, F3, EF, 3D, 47,
08, A0, 6A, 89, 23, 4B, 52, 73,
A6, 3F, 9C, B0, F1, 2D, A3, 07,
96, BE, B5, 61, 97, 70, 9A, 2F,
10, 02, F1, 8D, 83, 1F, E7, 95,
22, C0, AA, 96, 8A, 99, AE, 6F,
A6, 26, 45, F0, E5, 62, 9C, 5A,
85, 30, FF, E0, 67, 44, 2B, 60,
68, 8A, D3, A4, BD, 36, BE, 50,
1A, 0C, CA, FB, 41, 8D, 4A, 2C,
28, 24, 09, 5A, EE, E5, 5B, C4,
87, 12, 63, 92, 5D, AA, CB, 3B,
8F, C6, E0, CB, E8, 52, 26, 70,
07, B8, 9F, 58, D5, 33, 73, AE,
D1, A7, 16, DF, 91, 62, FE, 8D,
07, 42, DB, F7, F1, 77, B9, 17,
6F, 4A, 95, 5C, D5, 46, 61, 6E,
62, 0C, BD, 8F, 06, 7E, 6C, FD,
C6, 08, A9, 0F, E1, 1D, F3, F9,
F1, DC, EB, D3, 01, 89, E3, 69,
EA, 93, 29, 7C, 25, 83, 7A, E8,
69, 7B, 17, 9E, 14, D7, 7D, DC,
2E, 5E, 68, 8A, 4F, 52, B4, 17,
1B, B4, 97, 81, 3B, 5D, FA, A4,
43, EC, C8, 4F, 77, 75, A9, AE,
8B, 27, 6D, 4C, 2B, 90, BC, B3,
FA, 0D, AF, 83, E9, 8B, 0F, 26,
CE, C0, A4, 74, 4C, 69, 41, 97,
75, D2, DE, 0A, 97, CE, 65, A7,
45, 49, AA, C3, 58, 0E, 7E, DE,
16, A9, 80, 02, 01, 7B, 53, FF,
62, 94, 06, 4B, 03, E6, 5D, 92,
E0, 03, C3, 0C, F6, 2A, 9F, 91,
29, B8, 9D, 8B, 20, E6, 90, 98,
F9, BB, 43, E7, 28, 44, 9A, F9,
22, 06, 7D, CF, 98, 07, 86, 65,
1F, FF, 69, D0, 4E, BC, 65, 2D,
0E, 6D, 8B, D1, F4, C5, D1, 8D,
62, 00, B7, AB, 90, C2, FD, 13,
C5, B2, AB, A5, C6, 08, C3, 19,
6E, 86, 94, B2, 84, 34, 5B, 31,
0C, 95, 7F, 81, 84, 73, F7, 4A,
FB, EB, 5C, 35, 2F, 31, 8E, 91,
E2, 04, 8E, C1, 7C, 47, D0, E8,
00, 25, 63, 3D, BE, AB, 3F, 81,
21, F8, F5, 11, 42, DF, 66, 3E,
FF, 28, AB, 00, 6D, E9, 1B, 7C,
AE, 80, E6, 1D, 36, 2F, 57, 2E,
48, 83, 14, 13, 3F, CB, 7B, 73,
FF, 4D, 97, 0A, 24, CD, A2, 15,
9B, 1D, A0, 0D, 9B, DB, C1, 8B,
F8, 41, 96, 75, EF, 4F, 95, 8B,
5F, E0, 39, 71, 5C, 13, C4, 4A,
56, 19, AD, DF, C5, 93, 68, 03,
9B, F8, 27, 6F, 87, 94, 98, D3,
2E, 39, D6, 29, 8C, DF, 91, B9,
80, 99, 34, CF, BF, 44, 5A, 6D,
93, 9E, 08, 0E, CD, 30, 85, EB,
AF, 50, 61, D4, BE, 35, D6, 31,
79, 9A, 7A, 60, E7, 44, D2, AE,
6A, 76, 8A, 57, 02, C9, BE, 0A,
EF, 36, 9D, 06, DA, 0C, 0B, 00,
A4, 06, 1E, A8, 99, 0B, C7, 21,
58, 62, BA, 0E, D8, 3D, 5E, B3,
83, 5D, AA, F8, 75, 74, 55, DF,
02, 46, C7, D9, AA, C7, 19, E2,
9B, 4C, 6C, 01, 94, 4B, B6, 43,
8F, 48, F6, 54, 73, 28, D3, C1,
58, 11, 99, F8, 0A, 14, 2D, 68,
92, 3A, F9, 05, DE, 46, 6A, 41,
87, F5, 03, 9C, 2C, 71, F4, 83,
DE, 4D, 54, 1B, E4, 89, 71, 8F,
D8, 3E, D3, 83, 3C, A5, 79, C8,
45, 5D, A5, 8A, 1C, 41, 21, 78,
EF, 6D, 3C, D9, F3, 95, EC, 43,
FD, 83, 59, 2E, A0, 04, 87, 66,
7C, FA, 3C, 4B, C8, B8, 25, F8,
4A, 6A, D4, BE, B8, C6, 7A, 5B,
00, AB, E2, 51, 2B, 33, 90, F9,
8A, 8A, 2D, 36, 3A, 87, 68, 85,
9E, EE, 27, 5C, 11, 5F, A1, 1E,
E6, EE, E1, DF, 49, F1, C1, E7,
7C, 07, 49, 58, 1C, 00, D7, D8,
FC, F8, C4, 15, C0, 0A, 98, 39,
2F, 32, 86, E4, C2, 25, E1, 5F,
34, 0A, F2, 05, C8, D8, 7F, 52,
56, 0A, BC, AE, 62, 99, 58, FC,
4E, 2A, BD, C8, 01, D1, 74, DB,
3B, 05, 3B, DC, 8B, AB, 77, 4D,
67, 8F, F9, 3E, DE, 0E, 4A, 29,
2E, 4F, 9D, D3, EA, D1, 6F, 84,
D5, C9, 78, 63, C3, 75, 9C, 10,
52, 66, 18, DC, BA, 77, 03, ED,
E9, 24, 52, 11, 40, 1E, 15, 66,
0C, 43, 86, CD, 94, 1E, D4, 38,
80, D0, 95, 45, C1, 7C, F7, 8E,
76, A7, 9B, 7D, A4, 63, 1A, 0B,
46, 26, 59, 1F, 5B, 43, 40, 71,
CA, D6, EE, F9, C7, D0, 03, 69,
A3, EE, B5, 77, 13, DD, A5, 9B,
EE, 59, 87, B8, 06, B3, F8, 05,
37, 85, D0, 3D, 35, FC, 4B, 1D,
D7, 4B, 0B, 4A, 08, 7D, 6C, E7,
1E, 6C, 02, 39, 02, 69, B6, 1D,
19, 01, 85, A6, CC, 9E, 91, 6B,
68, A4, 7A, 5E, F2, 86, FD, 1F,
EF, E5, CE, 9E, 8D, 66, 05, B7,
A3, A6, CE, 7B, 03, 09, D1, B4,
EC, 9F, 69, 24, BF, B3, EE, 80,
43, 76, EC, 0A, F4, 2C, 9E, 84,
2D, CD, E2, 4F, 6B, 24, 83, A7,
C5, C4, 00, 80, C1, 9F, DD, C7,
E6, 45, AC, A9, F5, C2, 2C, 7A,
BF, 07, 6C, C4, E1, 8F, FF, CF,
FC, 5F, F3, EA, 39, B5, 3D, EB,
76, 7F, 7E, 48, 5E, A1, 80, 0C,
0D, 94, 91, 6F, F7, B1, 1D, 49,
20, A4, DB, 46, FA, 2F, 22, B3,
EF, 71, 72, 83, 2C, 8C, 73, 5B,
97, B6, 64, A4, 93, 9A, 3B, 04,
00, 8B, 95, B4, D9, A2, BF, 30,
C0, 5C, 5E, 56, 88, D1, 78, 3D,
55, 92, E5, 66, FA, CC, 11, BA,
BB, 76, A6, 5C, CB, C1, 4F, 26,
21, 42, 01, AB, A3, 40, 0F, B8,
08, E7, 69, EB, FE, 7F, 56, 1A,
2B, 90, 6D, 46, 32, 08, 91, DE,
AC, 36, 6C, C4, 37, 71, 35, 27,
60, 11, 16, BD, 08, E5, 4D, B5,
41, A6, F2, 0A, CF, 9B, 2F, EC,
19, 20, 42, E6, 25, E8, 8B, 61,
C4, 28, 09, 87, 4F, CB, 72, 79,
86, 72, A8, 6B, CF, FE, 36, 2F,
B4, F5, 33, 83, B4, 28, AF, F0,
B2, 03, 84, E3, 87, F6, 0A, 77,
15, 68, 71, 2D, E6, 6F, 7E, B8,
94, BF, 06, 72, FF, 62, F6, 2D,
EA, C3, 2C, 4D, 34, 33, C8, 3D,
9B, 6E, 08, 7D, DB, FD, 48, D8,
1A, DF, 6C, C1, 36, A1, 65, 2E,
09, 45, 92, 30, 22, E5, 82, 74,
7F, D6, 45, 28, D3, 34, 5D, BC,
57, B7, 79, C1, 6E, C8, 65, 44,
8E, CF, E4, 76, 1E, 9A, EA, 01,
48, 01, 1D, 88, EC, 68, 1B, 24,
46, B8, 11, DA, 04, 35, 3A, F1,
61, 3A, 0B, 41, 02, 1D, B1, 8D,
AE, 93, C8, B5, 61, 4A, D8, 91,
26, 0D, 83, 66, 6C, 55, F0, 46,
1F, 13, 8B, 78, 43, FB, B9, 4F,
4F, D0, 32, 0D, 15, 61, 0F, BE,
E2, 8B, 39, EF, 1A, 6A, 03, 40,
A6, 03, F6, DF, 04, C5, 64, 5B,
D6, 90, 3C, 97, 08, 1B, 27, 27,
9A, 59, 7E, B5, 4E, 06, 55, 67,
89, 73, 1D, 50, 36, 09, 35, CB,
54, C3, C3, 30, 8A, 70, B8, 26,
73, 99, 4B, 58, A0, CE, F7, 5D,
E6, C9, CF, D4, 42, 7B, AD, E9,
D7, B2, DA, 92, 72, 66, CF, 08,
C7, 82, 61, 5C, EE, F5, 8B, D4,
AC, 64, 77, 1D, C4, 51, 05, 68,
7C, 49, 1E, C3, 60, 44, 3A, EC,
09, CD, C4, 06, 0A, 2D, BB, E1,
93, 25, A0, 22, 60, D1, A5, 4F,
EC, 78, 2B, 1C, CA, B2, FD, A2,
9A, 49, BC, BD, 69, 2B, AD, 32,
3C, 3F, 9D, 99, 4D, 57, 7A, C0,
0D, 1B, 1B, A4, A9, 84, 67, EE,
34, DE, 9B, 43, 0E, 24, 9D, 74,
2A, 15, FE, A0, E0, F1, C8, 18,
C3, A8, CB, 94, 69, 65, E1, 68,
2A, 89, 4E, 8C, CC, D2, A6, EE,
0B, E4, 8B, AD, E4, F9, 4A, 8D,
F5, A7, 76, 46, 47, 03, D9, 9F,
9A, A7, A0, 58, 73, A3, 32, A6,
56, FA, A8, 9C, 00, 36, 46, 24,
CB, AD, 9E, 99, 1A, 54, 16, C6,
AB, B3, FB, A4, 53, 8E, CB, CE,
BC, 13, A3, F5, 18, CA, 54, 91,
82, F5, 44, CB, 3D, 89, BF, 26,
56, 37, 84, 93, 60, 74, 31, F2,
0A, F6, F4, 13, 4B, 2A, 1D, 24,
2B, CE, 3F, 56, 55, 76, BD, BB,
48, 22, DB, 82, 90, 08, EF, FE,
0D, FB, 53, DC, D4, 4D, E8, 61,
C2, 7A, DA, 18, 59, DF, 9A, 2E,
ED, BF, C9, 62, 13, DA, 32, 17,
50, 2C, 5F, A8, 56, E0, DE, CF,
44, 7C, 91, 27, E9, 28, 47, 66,
8D, 6D, B8, 9F, 85, DC, 73, BB,
28, C0, A3, FB, FE, 66, 49, A0,
AF, 38, 5C, 66, 37, 7B, AF, AF,
74, E2, B0, 88, 4A, 87, F7, 71,
ED, 42, 47, CB, 11, B1, F5, DA,
AE, A0, C3, EA, 3C, 9C, FB, 4E,
9C, 79, 47, DE, 58, 8A, BE, 09,
C5, A6, 48, BB, CD, BA, A5, 49,
94, 33, 85, 8C, E1, F2, E1, 1E,
F3, D8, B7, 80, C5, 56, 5C, 9D,
5B, AF, 2E, F5, 49, B8, A6, 88,
8F, E4, B1, B2, F3, FE, 88, 89,
2B, 78, FA, FE, 7B, 6D, 41, E4,
E1, 9D, C2, 15, 4E, 2A, BE, 54,
F8, 88, 90, 68, CE, 4C, 3D, D4,
4E, 4B, 42, 70, 8D, 0D, 8B, BD,
6B, 51, 1F, 59, 7F, 7A, 0A, 8D,
DD, FC, 94, 10, 32, 16, E4, 24,
7F, 75, 8E, 17, 26, 8B, F8, 8E,
32, 20, B4, 80, 2F, B2, 47, 21,
CB, 17, 1D, BE, 1F, E7, 05, 47,
BB, 55, 8E, CD, 6D, 19, F2, A6,
C9, 80, 6E, C2, 1D, 45, 4F, 6B,
DA, B2, B3, 83, 40, E9, A0, 9C,
02, C9, 17, E1, 46, 35, 79, D6,
DD, F2, DB, 63, B4, 4A, 86, 93,
31, 9F, 49, 76, B7, D1, F8, 68,
96, 5C, C1, F4, 31, 7A, CB, 84,
B3, 37, D7, 63, CF, 26, 7C, 89,
E0, 45, 46, 96, 09, 61, A8, 2B,
D3, 97, 3C, 6E, D1, 0E, A4, 54,
DF, 00, 0C, 33, 59, 3D, 23, D3,
26, 9E, BE, E0, C2, 45, 45, 05,
A7, C6, BE, 77, 02, 68, 3A, 81,
29, 6B, CC, D2, FD, A6, 92, 6E,
4A, 45, 00, 29, 6B, 0E, 81, 04,
25, 45, 54, B6, 2A, ED, 4D, C2,
4A, 40, DA, A6, D4, 6C, F0, 34,
16, E7, EB, FC, 67, 9A, 15, 34,
C2, 96, CE, 76, 09, 7B, 8D, 75,
CD, 6E, 68, 13, 9D, 60, C3, 4C,
43, 31, E9, C7, 66, 92, 11, 59,
BA, 47, 85, 79, 2F, FD, 9A, C0,
27, 4A, 3F, 7A, 31, 37, 1B, F5,
46, 52, 6B, FF, 77, 3C, 6D, A6,
61, E1, 29, 7F, 8F, 68, 8D, 52,
CD, 6F, AD, 7B, 43, 4C, 30, 6D,
B6, F8, B8, A2, 19, CF, BA, A0,
C9, B7, 91, EC, 19, FF, 56, F4,
3E, 03, DF, BB, 28, 33, 59, 7B,
5C, 24, 5C, 18, F0, A3, 4D, FC,
45, D1, 07, E1, 29, B1, 9A, 29,
D7, 9B, 91, 19, A5, FB, 44, 9A,
75, F4, AB, 56, D9, CC, 2F, E9,
60, FC, 5E, 2E, 50, 5C, FD, 58,
FA, 45, DC, C5, 96, 16, 79, CD,
0A, 92, C8, 9F, C2, D9, 3A, CE,
21, 2B, 9B, 9F, CD, 59, 86, 28,
62, A5, 07, 03, 8C, 4E, 35, 0A,
DD, 2E, F7, AF, 14, 7F, 78, B5,
0C, D7, 9A, A8, 69, 58, FB, 0E,
D7, 58, 4B, 52, 99, EA, A5, 3F,
54, F4, DD, 44, 23, A0, 31, D1,
54, BB, 94, BE, B4, 57, 5D, 51,
B4, 43, F7, CB, CC, 8F, 38, 99,
09, 7A, 3D, DF, 2B, D9, 37, F1,
B6, 22, 5C, 72, F3, 6B, 17, 60,
E9, A2, 39, 4A, 74, 75, 09, 56,
D1, B4, 00, 8A, 7C, 23, E6, FE,
B1, E1, 13, C1, CB, 30, 47, 39,
9F, FF, B2, CC, 5E, 8A, A6, 7A,
A7, 85, 43, 7B, 34, 03, 7C, 76,
D0, FB, 1E, 0D, 7F, 0B, A5, 8E,
12, F9, 38, 57, 90, D7, FE, 87,
16, EF, 69, 0F, 0F, 91, 05, B2,
84, CF, BB, 30, 19, BA, 50, 9F,
7A, 74, 5A, 55, 24, DB, 3D, D1,
FF, 2A, 9F, F7, E5, EF, 46, 83,
22, 49, D9, 79, C6, 17, 4B, 8C,
7E, 03, 11, 26, 6E, 38, 9F, 4C,
3B, DD, 1F, D2, D0, D1, D4, 50,
87, DF, DA, D0, B6, D4, A7, F4,
7C, C5, 75, 02, 8A, 85, 32, 48,
85, 0C, CA, 46, F6, 8A, A6, 39,
28, 5A, C4, 1A, 80, C2, FB, A9,
89, 8A, A7, 32, 00, 3D, FF, 90,
D5, 40, 4F, AC, 59, 20, 8D, 40,
24, 48, 23, 64, 90, 45, 66, 21,
8C, E5, FB, 67, 57, 44, 0B, CD,
E9, 3E, E7, 81, C8, 5B, CB, D1,
28, E3, 70, 57, E6, 38, B6, B7,
3D, D0, 24, F5, 20, 7A, D2, 14,
C8, BC, 4B, E8, 99, 66, 33, CA,
45, 4D, 22, 3A, 57, F1, 87, D0,
00, 11, 16, 9C, 02, B5, BD, 09,
39, 45, 88, E5, 77, A5, CD, 88,
F0, 1F, 7F, 11, 30, 0D, 1B, 70,
76, 2E, A1, 6C, E0, 82, ED, 5C,
E4, 07, 3D, 19, E6, 3E, 29, DE,
8D, AE, 52, FB, 2C, 1F, A4, E5,
00, 00, DF, 3B, 16, 6C, D7, FB,
65, E4, B2, 5E, 5F, 00, 07, 79,
D3, C8, 99, BB, F4, E0, 1F, 3A,
24, 24, 3F, 92, 0D, 84, C5, 8C,
9A, 61, F3, 01, 8B, 5C, C2, 9B,
B5, 36, 36, 8A, 52, 5F, 8B, 43,
A7, D8, 6A, 3D, A7, 1D, 52, 90,
03, 06, A5, 9B, FD, A7, 87, FC,
4A, CE, 6B, 86, 0F, D2, DC, 80,
DA, E0, E9, 87, D8, 8E, AE, 19,
7A, A5, CE, C3, 58, F3, 00, BB,
07, EC, 71, 78, 4E, 8B, 7B, F4,
D9, 1B, 7D, 7F, 31, 45, EB, 24,
19, 6A, B2, 2C, 39, 6B, 15, 55,
0E, A6, 28, F1, 7A, D6, 17, 76,
C6, C3, 9B, 7F, F9, 17, 8E, 48,
CC, 22, 26, EF, FA, 1C, 38, 26,
4C, 4A, 53, 2A, 07, 43, 46, 61,
CB, BB, 2F, 24, 5E, 57, 3B, C4,
D8, 56, EA, DB, 70, 10, A5, 8D,
23, 90, E2, 0D, FE, B1, F4, 29,
2B, 23, E4, C8, C1, 2C, E5, 06,
DA, 77, 16, DE, A5, 41, E2, 0C,
E4, 2E, 61, E2, 22, FB, 91, 03,
C7, 57, 6D, 68, E8, D1, 4A, 90,
9E, 34, 8D, 85, 89, C3, 81, A8,
4E, FE, AE, 37, 25, 4B, A9, 1D,
3B, 3A, 9C, 35, C6, E3, 32, 96,
E1, FE, B1, E5, 71, B8, BA, 97,
CA, 3B, D8, 7B, A0, 56, 58, FA,
8F, 2C, 01, 24, A3, 84, 1A, 6B,
DE, A4, 21, 3B, 30, 55, 40, A2,
2C, ED, 3B, 46, 1B, 4E, B9, 06,
D9, 5E, 63, D8, 01, DA, 40, CC,
66, B4, 7D, 91, 14, 87, 56, DF,
76, 30, 29, B0, 26, 41, 0A, A5,
4F, E9, 58, 80, 3C, 83, 87, 4A,
0D, AD, 47, F1, 9A, F9, D4, EC,
EB, 3A, CE, 84, 9C, D5, 17, DF,
DE, AD, 60, 3C, 63, A6, 70, FF,
06, 72, 8A, 8A, DA, 2E, B7, 9D,
93, 98, 80, E1, 73, B0, 8B, E9,
D7, 93, C6, 70, 04, 12, 18, 8D,
86, CC, F6, 93, 11, FF, 0A, A9,
40, EB, 23, 4C, 74, 8F, E8, 2C,
1D, 8D, 9A, B3, 38, 9C, 74, EB,
E4, CA, 2C, 10, 68, 13, 95, 78,
4D, C3, 4D, 7E, EF, FB, 73, 72,
2A, F0, AF, 25, 8F, 75, 88, 8E,
26, C5, EA, 24, C2, 78, 09, F2,
3C, 9D, 05, 04, B4, 95, 72, 72,
1F, 29, F3, AF, 01, B5, F6, 00,
27, 41, 4C, B1, AF, B9, 9C, 25,
4B, 64, 75, 7E, 70, 7B, 77, 4B,
B1, 08, 4C, AC, DB, 1B, F3, C5,
D6, 77, 93, E8, 61, 4B, 50, 6E,
C1, 90, 4E, 90, 67, FB, 2E, 90,
F5, 8C, 91, 8A, 47, 61, E7, 85,
0E, E8, BC, 17, 9B, FF, 7B, 2F,
DB, B1, A7, C3, E6, BA, 28, 26,
1C, 10, B2, 70, 1B, 69, 41, 92,
29, BF, 07, DE, 98, 0C, 85, 50,
5D, 73, 2B, 9F, 37, 72, 1B, 2A,
79, E6, F8, AF, 78, 77, 71, 95,
1D, 2E, 75, 61, 13, 74, BD, B7,
4C, 03, BD, CA, 05, 93, C0, EC,
A8, DD, 43, 9F, E4, 26, 59, D3,
C2, 44, 5E, C2, FC, 80, 72, 13,
10, 63, 0F, 1F, AC, 8D, DF, F2,
7F, 4A, F4, 93, CB, 7E, 2C, A7,
0B, 1F, 18, 27, 57, E7, 6A, BD,
FA, 46, ED, E1, 82, DA, 98, 2C,
AF, A1, 0E, 74, A8, A5, FC, 6C,
AE, 3C, EA, 36, 41, 61, 47, 5E,
AE, 05, E6, FA, 64, 83, 26, 67,
B9, 82, 32, 3E, 98, E3, A0, 4C,
98, 45, 97, 10, 33, AA, 5C, D0,
00, 22, AA, 7E, 89, BA, 1E, 06,
A4, 68, 59, 44, F5, DE, 73, AD,
D3, E5, 45, 54, 3B, 8F, 1A, 7A,
D9, 8D, C8, 1E, 26, 08, 50, CC,
32, 14, E0, FB, A7, 45, 7C, 35,
92, 90, 6D, 21, ED, 16, 49, DA,
02, ED, 51, 12, 95, 4B, FD, 06,
4C, C5, 1D, F8, A2, 26, 16, 02,
14, 33, B8, 1A, CC, 40, 12, 6E,
98, D4, 8B, 99, B1, 29, 8C, 8D,
6A, E6, EE, 3F, F7, 22, E2, 5B,
CA, B1, 2C, BE, CA, 9A, EC, B9,
CC, 97, 54, A5, 09, AF, A1, 2D,
53, C9, 5A, 15, 8D, 13, 8A, EB,
80, E4, 88, 78, A1, B7, 81, C5,
93, 01, BE, 79, 13, D7, DB, B1,
67, 4E, D6, 99, 14, 96, BE, 8C,
41, D0, B0, B4, 3E, AD, 0E, C6,
4B, 0F, 4D, 2F, 7B, 06, 6C, 7D,
22, F8, 44, C9, 80, 7F, 89, 0A,
AB, CF, 04, C8, 1A, ED, EF, 5A,
91, 21, 7B, 10, 54, 6A, 2A, DF,
85, 61, A4, DE, 1F, 0E, 95, 7E,
12, CF, 66, 65, 8C, 2A, 1C, A6,
09, 50, 9D, 30, C4, FD, DE, 3C,
C6, 46, A9, 86, 42, 68, 43, 70,
EB, BB, 32, 46, 33, E3, BF, F7,
42, 8C, 9C, 81, E2, 1D, 9F, EF,
B9, 5B, 10, 3F, A4, E7, 9B, 41,
EC, 14, EB, FD, 66, 28, FE, 95,
C5, FD, 3A, AE, 03, 63, 0F, 80,
27, 12, 66, 56, AE, 82, B8, 24,
CC, 96, 45, 1A, AE, 81, 0D, 14,
C6, 05, 59, D4, B1, 45, 37, 67,
9C, EF, 88, A2, 96, 73, BF, 71,
78, E8, CF, EE, AB, 1A, 82, BD,
EC, 73, 03, 1E, 47, 40, 54, 1B,
6A, FB, EA, 64, CA, 7B, 57, C9,
06, B3, BB, C8, 2D, 2F, E0, B4,
56, 50, CE, D4, 3E, B0, 70, 17,
43, 87, 72, BE, 71, 28, 53, B0,
F0, CF, CB, 67, E7, BF, D1, 3B,
F5, 19, DA, AB, A5, A3, 19, 2A,
9F, 73, 80, 0D, 02, F4, E7, 78,
81, D7, 58, EF, 81, 6B, 9D, 79,
23, 23, A7, 89, E3, 18, E9, 1B,
4C, C2, B4, DA, 7E, 79, 57, 65,
83, D9, C1, A2, F6, 6A, 05, C6,
17, F6, 62, 29, B5, 40, 1B, 6D,
7F, 59, B4, A5, 34, A0, DC, 86,
30, AA, 4C, BA, ED, 81, AD, D5,
D2, 5C, 4E, 83, 94, 6E, 11, CB,
B8, D1, 6D, 6A, CE, C1, 0D, 8B,
ED, 15, 9D, 1D, 69, 44, 74, CE,
18, 1F, B7, 53, D2, E5, 82, 9A,
15, AE, 3E, EB, F9, 6D, 65, 7F,
9A, AD, B2, D0, D0, 84, 6D, 23,
64, CC, C9, B4, 06, 19, BD, 11,
13, 2F, AA, D0, FE, 31, 8B, 0A,
59, B5, AC, 79, 5F, CE, 59, 3C,
94, C7, FB, 49, 83, C2, AB, E3,
B0, 94, 9C, 19, B3, 1A, E5, FF,
46, DA, D2, 1A, 4C, 84, F4, B3,
C2, B5, ED, CF, A1, B3, D3, 9B,
49, C8, 86, 04, 68, B0, ED, E6,
4D, E9, E3, 55, 5E, 2D, CF, E7,
E8, 98, 98, 71, 88, F5, 06, 35,
A9, DB, FE, 97, 0F, BE, 8A, 6C,
13, E3, 53, 66, 3F, C9, 17, EB,
9D, 04, 51, EB, 1A, A3, A7, 96,
C6, 18, 94, DC, 05, 75, 79, 6E,
8F, 6A, 19, AB, 1C, C6, 25, 86,
F4, 27, 55, 0D, 83, 87, 82, 4D,
44, 6B, BC, 11, F0, 80, 8A, 28,
1D, 8D, 43, FD, 9A, 8D, C5, 5E,
A1, 89, 64, 44, D5, 11, 43, 92,
A7, DE, 4E, 70, 22, 1E, 97, 02,
94, F8, 9B, 9B, C0, FD, 29, 08,
41, D1, 82, 6B, 8E, B4, 0D, 4F,
54, 94, B1, B3, 16, 40, EF, 57,
80, BE, C5, 2F, 77, E5, AD, BF,
AB, 3E, 1D, 1E, CC, E0, 88, 8D,
3A, DF, E2, DC, 2B, AA, 03, 2E,
FB, 92, 34, 0E, EF, 3D, 03, 72,
9E, E3, DA, 2E, FC, 50, 83, 2D,
EC, 08, A7, E1, 56, FF, 24, 84,
F1, 8C, D0, F4, 53, 02, DC, 0A,
92, E3, 62, F4, 75, B6, FB, BF,
E0, E2, 75, 92, 31, 06, F5, 64,
0D, 9F, B5, 48, C8, 15, 32, F7,
90, 59, 49, BA, C9, 19, 01, 49,
AE, 7A, C5, 6E, 3A, 3B, DE, 0D,
8D, 9B, 63, 8C, 1E, CD, B2, 1D,
B2, E1, AA, CE, CA, 26, 87, E8,
D9, FC, 2A, CD, 80, 67, B9, 09,
5E, 0E, 95, 2E, 6F, AE, 1F, 3C,
92, D1, 79, CC, 02, 95, C2, 65,
34, DC, 33, 1D, 6E, 3E, 2D, ED,
BC, 01, 57, CB, 70, 85, 70, 6C,
BD, 91, 11, 69, E7, 2E, C1, F1,
27, 8F, FA, 18, 67, 99, 46, BB,
2F, B3, 1F, 48, 7F, 79, 27, 0F,
1A, DB, 07, 36, B9, CB, E6, 20,
12, A9, F8, 6C, 61, 51, 34, 7E,
D4, EB, 42, 50, 2E, 18, C7, 72,
13, 1E, AD, F3, 99, 24, CC, EC,
6E, 51, AB, F2, 24, 06, E6, F1,
BD, 0D, EE, 8B, 30, F7, EC, 8F,
09, 9C, D2, 99, 35, E2, 0D, 95,
53, 79, 92, 16, C8, A5, E2, 51,
B7, AF, 58, 5C, 7B, 80, 5B, 7A,
42, 07, 45, DB, C7, 88, 22, EC,
F0, BE, 0B, 48, 71, 75, 69, DB,
83, 35, 7A, 5C, B1, 44, DD, 67,
6A, 15, 92, EB, BA, 93, 7C, E7,
F0, C4, 44, E3, E0, 98, 36, 1E,
59, B0, C4, 74, 16, 2B, 44, 29,
FF, DC, DE, 76, 96, 7D, 13, 09,
31, A2, B8, F6, 43, 92, 61, B4,
E3, 7E, 49, AB, ED, 91, 99, D1,
6B, 6C, A4, 32, F7, 22, 47, 10,
D5, 8B, 57, C0, FC, 6F, 26, 9A,
A7, DD, 29, 07, B8, CB, 57, 36,
A5, 9C, 8F, D2, 3B, 93, 61, 3A,
FF, 1C, 4F, CB, C5, 82, F7, B9,
19, 34, 20, 3A, DE, E0, 76, 4C,
6B, 2C, 67, 8D, 29, E0, 50, 48,
C3, 2C, 3F, 68, 00, FC, 5E, 92,
1F, 25, 0F, 11, 6C, CB, 83, 2A,
74, A7, 56, AC, CD, 10, 72, 62,
CC, AE, C7, 4B, 26, B0, C1, D7,
6B, 84, 0C, C6, B3, D7, 21, 4E,
F8, AA, CB, AE, 2E, 63, F4, B6,
BE, 5C, 77, 32, DE, 1E, 1C, AB,
80, 68, B9, C1, 22, 3D, 14, 4E,
EB, 87, 84, E5, B1, F3, 45, 86,
B9, EB, D3, F9, C8, B2, 0D, 2F,
F4, 24, 00, 2C, 8C, D8, 0F, 89,
4B, C2, 87, 83, 02, FE, 17, 09,
65, AA, 0F, FB, 70, 69, B7, 74,
7E, 50, 5F, 7B, A9, 79, 2E, A2,
D4, E9, 34, 5E, 4D, 29, 7B, 81,
5A, FA, 1F, A6, 95, 96, 6D, 4E,
68, 39, 74, 50, 17, A6, BC, DE,
4B, D1, 75, 32, 2D, C6, 7A, 0D,
A0, 83, 53, D6, 17, 04, 54, AE,
78, 14, 1B, 63, FB, F6, 77, D7,
A3, 5E, FC, A5, A3, 06, 79, DD,
2F, E8, 83, 6D, AE, BA, F7, 6A,
7A, B3, 1B, DA, 4D, ED, 20, D2,
60, B4, 7D, 56, 0F, AB, C4, 86,
92, EF, 51, CA, E6, E9, B5, 2B,
5D, B1, D7, 81, 4A, 4A, F2, 49,
0D, 6C, A6, 5A, 39, A8, C0, 30,
90, 38, 48, CF, 1B, C4, 5A, 11,
35, F2, 3E, 93, FD, 77, 8E, 7E,
E0, 10, 77, 13, 74, 85, CA, C1,
2B, 75, 5F, 1B, 15, FA, AD, 73,
67, BF, 0E, 64, E6, BC, 99, 23,
43, 6D, 99, 89, A9, 02, 02, 69,
32, 46, FB, 8D, A0, 54, 5A, 35,
D1, CE, D0, C6, 5D, 0A, EF, 58,
B3, AD, 03, 8A, 63, 6A, C3, F9,
D0, BC, CD, AB, 85, 55, 61, E5,
EE, 20, 5C, 05, 75, 4E, 6B, 28,
50, A5, 58, 74, 84, FC, 01, 8F,
D3, 42, D0, 8E, 64, FA, 28, 55,
A9, FE, 19, 80, E0, 3E, 8F, A3,
D5, A0, EE, E1, D6, E6, D7, 0E,
CD, 3A, 68, 86, 47, 3E, E3, D8,
62, 76, AF, 76, 2D, E6, 01, 83,
D4, 1E, 32, C4, 85, C1, 59, E5,
04, EA, 78, 68, 3D, BF, 4F, DF,
5B, 5E, AC, 1B, 47, 00, 82, F2,
92, 34, B3, 69, E7, 46, A7, C3,
5A, 17, 31, A2, 1F, 0D, E0, 29,
21, F6, 47, 8D, 13, 93, 03, FF,
1F, 14, FD, F1, 24, E3, 1B, 11,
E9, 94, 1C, EA, C1, 77, A4, 28,
DA, F2, B6, 6D, 9D, C0, 32, 4A,
E3, 83, FA, A6, 9B, 8A, 64, AA,
3E, 30, 9C, C3, 11, C5, B9, 9B,
35, C8, D2, 3C, 6F, B5, 0A, 0F,
D2, 67, C8, 72, BA, E1, 7D, 22,
77, 52, F1, 64, 1D, 65, 24, 6A,
42, 9C, 6E, E7, FE, 5F, 97, 32,
0E, E7, AE, AC, 18, 7A, 45, D4,
E1, 41, E6, B4, 82, 84, 02, 19,
47, 17, 1D, 4B, 7E, 2C, 9C, 2C,
10, D1, 72, D1, 90, 61, 03, 7F,
7F, 95, A2, 05, E2, D7, 41, D3,
76, 79, 6A, 47, 82, 7D, 9D, 7F,
70, 3F, 94, C4, 17, B3, DB, DF,
5E, 91, FB, DD, 6D, 97, 95, EA,
80, E0, F4, 72, 02, 48, A6, DB,
06, 28, B5, 20, F4, F0, 8D, 6B,
9D, 73, D8, 29, 03, 64, B9, 52,
AC, C4, F4, 1D, 11, C8, F4, 0D,
FF, FE, 5D, 72, 0F, 1A, 4A, EC,
95, FF, 74, 09, EA, 31, 2F, B6,
D0, 58, 04, 08, 6B, E8, 16, 99,
5C, 3E, 5E, 21, E8, 11, 7C, 91,
A2, 31, 1B, 71, 31, 34, F6, 2F,
49, DD, D9, 90, 6E, C6, 6A, B1,
36, 36, B1, BE, 8C, AE, D6, C7,
B3, 43, E9, DE, 5F, AD, ED, 7E,
4F, 57, 05, 50, DB, 33, E5, D6,
24, E0, 8B, 7B, A9, 49, 18, 25,
58, D5, A5, 89, C5, 1B, 6E, 2E,
2F, 25, 19, 0C, 92, 0D, 44, D8,
34, 19, B9, FD, F5, FD, 55, F5,
85, DB, 56, 16, E9, 47, 4A, 38,
FC, 32, D3, CE, 3E, 2F, 73, AD,
EA, 56, 9A, A1, 87, BD, 9D, 3E,
C2, E2, 95, 84, DA, FC, 50, C5,
CB, 67, 6F, FD, 92, 9A, 2C, CC,
14, B6, 9E, 29, 02, E1, 88, 0C,
29, 92, A4, 80, 5F, 9A, E6, 45,
2E, 57, 5C, 16, 78, 05, D1, 69,
86, 99, C1, E1, 5D, EA, 9A, 31,
4A, FB, 2A, F3, FE, D2, CF, C1,
6F, 94, 51, 0A, 29, 45, 9C, 46,
B0, F0, 1B, FA, 78, 7C, 80, 90,
78, 9D, 75, 47, 3A, B9, 63, 1B,
D9, F9, 35, A6, 5D, A6, A8, EB,
C8, 5D, 9C, D4, 7C, 62, FC, 29,
75, 73, 0E, 52, B2, AF, 8E, F3,
92, 5B, 37, 6A, 5F, 58, 4F, 46,
91, CD, 4D, 26, 8B, 0E, 41, 22,
7E, 3C, 86, F1, 18, 5B, 51, 4A,
F2, 88, 38, 7F, EE, 7F, 36, E7,
51, DF, 53, A8, A7, 34, 59, A8,
00, B0, 3F, 1B, FF, 9D, CC, DE,
D0, A9, 03, 7B, EF, 4B, C5, 24,
5C, C0, F5, E2, E8, 4A, 8A, BB,
32, 26, 0C, D9, 6A, 32, 78, 1B,
07, E3, 34, 38, 02, D7, CE, FF,
9C, C4, 6C, 3A, F3, B8, BA, 9F,
85, 76, 1D, B0, 8B, F9, 91, 6B,
9B, C9, 63, FE, 68, 88, EE, 03,
11, 05, 33, C0, 71, 80, 4F, A5,
FE, FE, 91, 77, 51, 50, D1, 27,
C6, B6, 00, 8C, D4, 46, 47, D4,
AB, D7, C9, 4B, 0D, 9D, 46, CC,
B9, 81, C9, F8, 16, 3F, 6F, F2,
91, 9E, DB, 5B, FF, 3E, C1, 2F,
D3, 12, D0, B9, 11, 45, 15, 15,
48, 9F, 14, EC, 6F, 6F, 6D, 8C,
02, 80, 2F, 6F, 57, 9E, BC, 11,
42, 4C, C4, 27, D9, 04, A2, 1F,
9F, B8, A1, EF, A6, E5, E1, 1D,
96, 8E, 8F, 37, 19, 90, 69, 41,
09, E4, 13, A5, 25, 61, 3F, 80,
BA, 26, AF, 97, A3, 18, 89, 0D,
93, DE, 82, 08, 00, 74, 45, 54,
B9, 01, 6D, B5, B8, 2B, F3, 52,
88, 02, 09, D0, 79, 13, 2A, 8D,
2F, 2A, 97, 08, B9, 62, 35, 06,
2D, 49, 57, 1B, E1, 10, 0D, 25,
AC, 33, 7B, 23, 01, D9, 32, A8,
FE, 57, F2, 1A, 6E, 23, 22, DE,
19, 60, 8A, 4C, 83, EC, 2E, 39,
FD, 97, 9E, AD, C9, 19, 9A, D0,
8F, 34, E1, BA, ED, 67, 41, 17,
1C, 31, 62, 7E, CA, 2F, FD, 72,
5C, 65, A5, 6A, 82, D4, B0, 48,
83, 71, 52, 77, 1F, 41, CF, 76,
FB, 55, 83, 50, C9, 5B, 1E, 75,
EC, 97, F5, FD, 2B, 42, 76, 92,
B6, 77, 24, 4A, 93, A6, B0, 0F,
87, F5, 8F, 66, 61, B1, 65, FD,
97, E1, 1D, D8, 93, 13, 25, 64,
F7, 44, 71, 6F, 56, DA, FF, C0,
4B, 86, A9, 03, 9D, 45, DE, 5A,
4F, 47, 3A, 14, 4B, E8, A7, 6F,
13, 6D, 1B, 2F, 2C, 62, 9E, 3E,
49, E3, AF, E1, 71, 04, A1, 98,
0C, 16, 81, 52, 6A, E6, BA, A8,
F7, E0, 82, 09, B8, C6, 5A, C8,
B5, B7, 08, 47, 6C, 3F, BE, 5C,
7D, D9, 71, 6F, 17, C2, DB, A9,
41, 70, 24, 93, F7, 14, 6E, 56,
DA, 5C, 36, C3, 25, 74, FA, 77,
77, ED, FE, 4E, 97, 13, 17, FF,
2C, 76, 14, F7, 6E, A7, 54, C2,
1F, D9, A0, 57, B6, 12, A4, 6B,
D0, F7, 60, 98, 94, 22, 08, D4,
CE, 43, 42, 23, D6, CB, 99, FA,
77, 09, 7F, 2E, 4D, 73, 0A, A0,
12, B7, CC, A2, B3, A9, 18, AA,
56, 9D, BA, DC, 03, 4C, 0B, A5,
18, 8A, A0, 64, 40, C1, DD, D2,
F3, 56, 76, B7, C4, B3, 59, EA,
97, 68, 47, A3, AA, C4, CF, 67,
BF, 14, AA, E3, 41, 10, 43, C1,
5C, FC, 0D, DD, 39, 4F, F2, 14,
36, 6C, E9, 65, 94, B0, 4E, E3,
49, 47, A6, AE, B3, 22, 4A, E2,
1D, FD, A9, DB, 00, A6, 52, BE,
78, 25, 76, BE, 68, 5C, 30, 71,
A1, 92, CE, 7B, 48, 89, 42, CE,
AA, 82, 71, EA, 13, 1D, 47, 1E,
B8, DB, 93, DB, BD, D8, 40, B3,
B0, 77, F5, 84, DA, DF, E4, 44,
36, AE, A1, 06, 03, 0B, B2, 69,
3E, B9, 81, A9, FF, DA, 78, 83,
1D, 43, 0D, 27, 0A, 1D, C1, 6C,
A9, A8, 9D, E4, 5C, 79, 7A, 1B,
19, 56, 38, 0D, 3E, A8, 9A, AC,
41, 37, 32, 80, 19, 34, 53, CA,
A7, A4, AD, 5D, 8A, A6, B6, CE,
83, 96, 71, 00, 84, 39, 54, 80,
CD, 16, 38, E0, 98, 36, 91, F4,
47, C7, CC, 8B, BF, 60, 5D, 9D,
D8, 10, 35, 05, 5D, 99, EB, C5,
48, DF, 3B, 39, D2, 41, 6C, 9E,
A5, 1C, D7, 92, EB, EC, 24, EA,
12, A6, E0, 90, E0, B0, 04, F7,
E7, 6E, DB, D1, 2D, B6, 11, 4B,
34, 5A, 1D, 89, A8, D5, 09, 09,
C7, 01, 66, 5A, DA, 83, A3, CC,
E4, D6, AC, 40, 66, 6B, 2B, 67,
94, 8D, 60, 1C, E7, 40, AD, 76,
C6, 94, 87, CD, 2B, 12, 56, D7,
73, 8B, 29, 3A, 2B, 9A, 90, F9,
2A, 98, EA, 30, 1D, D3, 74, 1B,
ED, 11, 4A, EB, A7, A2, A6, 19,
F0, 20, 38, 54, 97, 4D, A7, EF,
D8, 68, FA, CC, D6, 71, 91, 98,
C6, 54, 24, 85, CF, DA, A6, A2,
B4, F4, 00, CC, C0, 71, 12, 3B,
2C, 3F, 4F, AB, 8E, DE, DB, 4F,
23, 60, F9, BB, A3, 90, 6F, 95,
0D, 6D, 05, 64, 1D, 47, DD, 71,
9D, A2, C0, 7E, 19, 97, 6D, EC,
99, 64, 1A, 8C, C6, 7E, 8E, F0,
AB, 0B, CD, E2, 7C, CD, B8, 05,
62, 48, 13, 94, 3F, 39, 57, FC,
86, F0, AB, 1F, FA, 66, A9, E2,
77, 52, A8, 97, 69, 1F, C2, 93,
F6, 42, EA, D5, 9A, 88, DF, AF,
8B, C4, ED, 7A, 87, 0E, 15, 86,
4F, 22, C4, C4, 00, EE, E4, 49,
D4, 30, A1, 98, 7E, 26, C4, 2F,
33, 89, 8A, 20, DF, 28, FC, 4A,
17, F5, 86, 5A, 6A, A7, 08, 5B,
D1, 04, C5, 90, 05, E0, 76, 62,
86, BC, F6, 16, DC, 8B, 2D, FD,
94, 6B, 39, 9C, C4, B2, B1, 9C,
B1, 11, F9, F1, 0A, 66, 42, 4E,
5F, EF, 67, E5, 9B, AC, 7B, D9,
AA, 84, 89, 05, C4, 15, A6, C2,
46, BF, AE, 23, D5, 09, A9, 4B,
62, 28, D6, 33, 3B, DB, 9D, CD,
4A, 56, 13, 63, D7, EF, CA, 38,
6A, CC, 5A, 5F, DD, AB, 32, 5E,
55, 26, D9, 85, 5D, B0, D5, 9D,
68, 1A, C4, DB, 58, EF, 98, 79,
77, 57, 8F, 35, BF, C1, 21, 41,
71, C0, 52, BD, F5, EF, 46, 68,
51, B1, E1, 1A, 4C, 30, E7, 9C,
9D, D1, 12, 67, 03, 34, 2A, 27,
C9, 4A, 7B, E1, 3E, 4A, 16, E9,
00, E8, 80, 2F, 5A, 45, 24, ED,
B8, BC, A5, 20, F7, 80, EC, F9,
51, F3, 47, 84, B1, A3, FA, 36,
55, 9C, 4E, 00, 09, 20, 50, 8B,
E1, 6D, 44, 33, 20, CD, 16, E3,
42, F8, 09, 44, C3, A3, 98, 9A,
DF, 16, 7A, 8F, FE, 24, 87, 71,
D9, EC, E5, 5C, E2, 61, 02, EA,
7B, 98, 1A, 10, 53, EE, 0B, F4,
73, B8, 90, C6, E4, 70, 50, 78,
EA, 6C, E8, DF, 68, 7D, 3A, 82,
44, 75, 38, 7C, 31, 32, B9, 91,
7D, 9D, BD, 72, AC, A9, 4B, C1,
2F, 1E, 71, 20, 38, 8D, 21, 61,
88, 51, 2F, 26, 25, 37, BB, C4,
0A, 1E, C9, DE, C7, 90, 04, 84,
9D, 5D, 44, 7B, F3, F2, BD, CF,
C9, CA, 95, FF, 54, 42, 38, 95,
51, 0A, 79, F9, 8F, C7, CD, F3,
75, 1D, 8C, E6, 24, AA, FF, 8A,
77, 76, 6E, 90, B1, 70, 65, 82,
88, 3B, C0, AE, 37, 43, 7C, 3D,
42, 80, 42, 2E, 58, B8, 75, EE,
54, 84, 80, A0, C9, BD, 45, 67,
60, 95, C1, 17, B7, 5E, A2, 3D,
8E, 45, 3F, 01, E1, 4B, F7, A4,
AD, C7, 08, D9, 0F, 61, 77, 88,
01, ED, 9D, AF, 56, DE, DA, DB,
6B, 44, E4, 80, 44, 54, A8, 23,
80, A4, E0, 9A, 5C, 79, B0, 3E,
94, F3, 11, EF, 97, 22, 0C, 34,
0B, 80, 2B, 6A, BF, 0E, 85, 16,
26, C0, 57, 1F, 5A, AF, 45, 01,
0E, CA, FF, DD, E7, FF, E4, 83,
09, DB, E4, 83, 81, AE, B9, E2,
25, 5B, A4, F4, 94, 26, CA, 24,
60, 88, 4E, 2A, 59, 1A, 4D, EE,
F1, 1F, 36, 94, 34, 04, 89, 69,
94, 1F, E8, 05, C8, F5, 45, 58,
7A, 37, 04, 7F, 63, A5, 43, D3,
EC, C9, 2A, 36, 62, 5F, 94, 65,
32, B0, AA, 83, 4D, 3E, 54, D3,
EF, 76, 86, 17, 74, 8A, AC, B0,
6C, C7, D1, DE, BB, 6D, A2, 1E,
C2, F8, 18, 59, C4, 19, AA, 07,
B7, 12, FC, 2A, 3F, 34, 80, 0C,
C2, CB, 31, 84, 1E, 10, 08, 70,
B0, 57, 51, 1B, B3, F5, DE, 4C,
10, 8A, FD, EF, BE, 2C, A4, 4A,
D2, DF, A2, 7C, 7E, E4, 5E, 2B,
41, 42, 59, 35, EE, 16, 01, 6E,
10, B2, 13, 0A, 6E, C4, D9, 73,
0A, EC, 3D, AB, E0, E0, 08, 86,
67, E4, 34, 47, 02, A8, 4F, 80,
3A, 5C, 77, B3, E2, 42, AB, 22,
C2, 19, CB, E0, 7B, 1C, 5D, 97,
7C, 0E, 34, 40, 35, 5F, 15, 47,
76, 1C, DD, 1E, FF, 13, 1D, 92,
23, B9, E5, A0, 33, 2A, 16, 82,
C0, 88, BB, 26, DE, 28, B8, 8C,
8D, 91, D8, C0, 86, CB, AF, FE,
13, 43, 72, 7C, 42, B3, FA, C8,
6C, 65, CA, 83, C7, B9, DB, 0D,
BD, 79, BE, FE, F3, 27, BD, 5A,
07, C8, 15, 03, 90, 4E, 14, 66,
24, 8E, C2, 46, 69, AE, 5B, 06,
4E, AF, F9, 14, 59, 10, 0E, BA,
13, 0C, 55, 82, 68, 91, 68, 55,
03, 7B, BA, 2F, 60, FF, 37, 7F,
25, BB, ED, 34, 8E, 03, 66, BA,
8E, C9, 1C, EE, D0, 23, B3, D2,
D6, 2E, 0B, 7E, 30, DB, 16, D0,
F6, 07, 79, B9, A9, 4C, DA, 2B,
3E, AC, 2E, A1, F5, E3, 3E, 6A,
9D, ED, 3D, C5, D0, AB, F3, 5D,
EC, 0A, 77, CF, 34, 04, E9, D9,
1C, 98, EA, 6D, C1, 1A, A4, 75,
AB, 7A, DA, 98, 95, 44, DA, E4,
11, BA, 8B, 3C, AA, 75, 2A, F9,
83, A8, AF, C0, 6B, BE, 02, 3D,
F5, 38, BC, CD, 54, 65, 04, 8C,
A6, 7A, AE, 46, 00, 00, 00, 00,
00, 00, 00, 00, 00, 00, 00, 00,
00, 00, 73, 00, 89, 00, 00, 00,
00, 78, 00, 00, 00, C5, 00, 00,
00, EF, 00, A7, 00, E8, 00, 03,
00, 00, AC, 6B, 00, 00, CE, 00,
E8, 00, 00, 00, 5F, 4F, 00, 00,
00, 00, 3B, 00, 00, 00, 00, 00,
C3, 00, 00, 4A, 00, 00, 00, 00,
00, 00, 00, 00, 6C, 00, 00, 00,
8F, 9E, 00, 00, 9A, 00, 00, 00,
00, 00, 00, 00, 00, 00, 5B, 00,
00, 00, 00, 00, 00, 00, 10, 00,
00, 6C, 00, 00, 00, 00, 00, 00,
00, 00, 3D, 00, 00, 00, 00, 00,
00, 00, 00, 8C, 00, 00, 00, 00,
EF, 00, 00, E4, 00, 00, 00, 00,
00, 00, 3A, 00, 00, 00, 00, 00,
00, 00, 00, 38, 8F, 00, 88, 79,
FA, 00, 00, 12, 00, B8, A4, 00,
00, 00, 7F, 00, 00, 00, 00, 00,
00, 00, 00, 00, 00, 00, 61, 00,
00, 00, 00, 00, 00, 00, 00, 00,
00, EC, 00, 00, 00, 00, 00, 00,
F9, 00, 00, 00, 00, 00, 0A, 00,
00, 00, 00, 00, 00, 00, 18, 00,
00, 00, 7A, 00, 00, 00, 00, 00,
00, 00, 00, 00, 00, CF, 00, 00,
00, 00, 3F, 00, 0D, 00, 00, 8C,
00, 00, 00, 00, 00, 00, 00, 00,
00, 00, 00, 00, 00, 00, 00, 00,
FC, 00, 00, E1, 00, 00, 00, 00,
00, 00, 4B, 00, 00, 00, 00, 00,
00, 00, 00, 97, 00, 00, 00, D5,
00, 00, 00, 00, 00, 00, 00, 00,
00, 00, 55, F7, 00, 00, 00, 00,
00, 00, 00, EC, 00, 00, 00, 7C,
00, 00, 00, D2, BB, 00, 00, 00,
00, 00, 00, 00, 2D, 00, 00, 00,
00, 00, 00, DB, 00, BA, 00, 00,
00, 38, 41, 00, 00, 00, 00, 00,
00, 00, 00, 00, 5D, 6A, 00, 00,
00, 00, 01, 00, 00, 00, 00, 00,
00, 00, 00, 61, 00, 00, 00, 00,
00, 00, 00, 00, 00, 00, 00, 00,
00, 00, 00, 3D, E8, 00, 00, 00,
00, 00, 00, 00, 00, 00, 00, 00,
00, 00, 12, 00, 00, 00, 33, 00,
00, 00, 00, 00, 00, 00, 00, 00,
00, 00, 00, 00, 00, 00, 9D, 00,
00, 00, 00, 00, 00, 00, 00, 82,
00, 00, 00, 00, 00, 00, 00, 00,
00, 00, 00, 00, 00, 00, 00, 00,
8F, 00, 00, 00, 00, 00, 00, A3,
00, 00, 00, 00, A0, 00, 00, 00,
00, 00, FD, 00, 00, 00, 00, 00,
5D, 00, 00, 00, 00, 00, 00, 26,
00, 00, E6, 00, 29, 00, 00, 00,
00, 00, B6, 00, 81, 00, 00, 00,
00, 00, 00, 00, 83, 00, 00, B6,
00, 00, 00, B2, 00, 00, 00, 00,
FA, 00, 00, 6B, 00, 00, 00, 00,
00, 00, 00, 43, 00, 00, 00, FA,
00, 00, AA, 00, 00, 00, 00, 00,
00, A2, 00, 00, E2, 00, 00, 00,
00, 00, 00, E2, 00, 53, 00, 00,
B5, 00, 1A, F3, 95, 00, 32, 00,
2F, 00, 00, 00, 00, 00, 00, 00,
00, 10, 00, 00, 00, 00, 00, 00,
7F, 00, 00, 00, 00, 00, 00, 00,
00, 00, 9F, 30, 00, 00, 00, 00,
00, 00, 00, 00, 00, 00, 00, 00,
6D, 00, BF, 00, 00, 00, 5B, 00,
2B, 00, 00, 00, 00, 00, 73, 00,
00, 00, 00, A4, 00, DE, 00, 13,
00, 00, 00, 00, 4F, 00, 00, 00,
00, 00, 00, 00, 00, 00, B6, 00,
00, 65, 00, 00, 00, 00, 00, 00,
00, 00, 00, 07, 00, 6F, 00, 00,
00, 9D, 00, 00, 00, 00, 44, 57,
00, 00, 00, 00, 00, 37, 00, 00,
00, 27, 00, 00, 00, 00, 00, C9,
00, 00, 00, 00, 00, 00, 00, 00,
00, 00, 00, 00, 00, 00, 00, 00,
00, 00, 00, 00, 00, 00, D3, 00,
00, 00, 00, 00, 00, 00, 00, 00,
A9, 00, 00, 00, 00, 00, 00, 17,
00, EC, 02, D8, 8D, 00, BC, 00,
00, 00, 00, 00, 00, 00, 00, 00,
00, 00, 00, 00, 00, 00, 00, 00,
00, AB, 00, 00, 00, 00, 01, 00,
00, 00, 00, 00, 00, 00, 00, 77,
00, 9E, 00, 00, 00, 12, 60, 00,
00, 00, 00, 00, 00, 00, 00, 00,
00, 00, 00, F0, FF, 00, 00, 00,
13, 73, 00, 00, 00, 00, 00, 00,
00, 00, 00, 00, 2E, 00, 87, 1F,
00, 72, 00, 00, 00, 00, 00, 5A,
00, 00, 00, 00, 00, 00, 00, 00,
00, 00, 00, 00, 00, 00, 00, AA,
00, 00, 00, 00, 3F, 00, 54, 00,
00, 00, 00, 00, 00, 00, 00, 00,
E7, 00, 00, 00, 00, 00, 00, 00,
00, E2, 00, 00, 00, 00, 00, 00,
00, 00, 14, 00, 00, 00, 1F, 00,
00, 00, 00, 00, 4C, 00, EE, 00,
00, 2C, 00, 00, 00, 00, 00, 00,
00, 00, 00, 00, 00, 00, 00, 00,
00, 00, 00, 00, 2F, 00, 00, 00,
00, 00, 00, 00, 00, 00, 88, A2,
00, 00, 8F, 00, 00, 00, 87, 00,
00, 00, AE, 00, 52, 00, 00, 5C,
00, 00, 00, 00, 00, 00, 00, 00,
00, 00, 00, 00, 00, 00, 00, 00,
D5, 00, 00, 00, 00, 00, 00, 00,
84, 00, 00, 00, 00, 00, 00, 00,
00, 00, 00, 00, 00, 00, 00, 00,
00, 00, 00, 00, 00, D3, 5C, 00,
00, 00, 00, 00, 00, 00, 00, 00,
85, 00, 00, 00, 00, 00, 00, 00,
00, 00, 00, 00, 00, 00, 00, 00,
00, 00, 00, 00, 00, 00, 00, D8,
00, 36, A6, 00, 54, 00, 00, 6E,
78, 00, A4, 00, 00, 00, 00, 00,
00, 00, 00, C2, 00, 64, BF, 00,
00, 00, 00, 00, 00, C5, 00, 00,
00, 00, 00, 00, EF, 00, 00, 00,
00, 00, BD, 00, 00, 2C, 00, 00,
FB, 00, 95, 00, 00, 82, 17, 00,
C4, 00, 00, 00, 00, 00, 00, 63,
00, 00, 16, 00, 00, 00, 00, 35,
00, 00, 00, 00, 00, 00, 00, 00,
00, 00, 00, C6, 00, 00, 00, 00,
00, 00, 00, 00, DA, 00, 44, 00,
00, 00, 00, 17, 00, 00, 00, 00,
00, 00, 00, 00, 00, 00, 64, 00,
00, 00, E1, 4D, 00, 00, 00, D1,
00, 00, 00, 00, 00, 00, 00, 00,
00, 00, AA, 00, 00, 00, 00, 00,
00, 00, 00, 00, 00, 00, 00, 00,
00, 00, 00, 00, 00, 0E, 6C, 00,
00, 00, 8F, 00, 00, 00, 00, 00,
31, 1F, 00, 00, 0A, 00, 00, 00,
43, 00, 84, 87, 00, 00, 29, 43,
00, 00, 00, 00, 00, BC, 00, 00,
00, 00, A9, 82, B2, 00, 00, 00,
00, 00, EC, 00, 35, 00, 00, 00,
00, 00, 00, EA, 00, 00, 00, 60,
BA, 00, 00, 00, 00, B8, 00, 8F,
93, 38, 00, 00, 00, 00, 00, 00,
2E, 00, 00, 00, 00, 62, 00, 00,
00, DF, 00, 5D, 00, 00, 55, 00,
00, 00, 00, 00, 7A, F5, 00, 00,
B5, 00, 00, 00, 00, 00, 00, 5A,
00, 00, 00, 00, 00, 00, C3, FB,
00, A1, 00, 00, 00, 00, 00, AC,
00, 00, 00, 00, 00, D2, 00, 00,
BD, 00, 00, 00, 00, 00, 00, 4E,
00, 00, 00, 00, 00, 00, 00, 00,
00, 00, 8F, 00, 00, 00, 00, 00,
00, 28, 00, 00, 00, 00, A9, 00,
29, 00, 82, 00, 00, 15, 26, 00,
00, 00, 00, 00, A6, 00, 00, 00,
00, 00, 00, 00, 00, 00, E5, 00,
BB, 00, 00, 00, 00, 00, 00, 00,
00, 00, 00, 00, A3, 00, 00, 00,
00, 00, 3F, 00, 21, 00, 00, 00,
80, 00, 00, 00, 00, 00, 00, 00,
B3, 00, 00, 2C, 00, 00, 00, 24,
00, 00, 00, 00, 00, 00, 00, 00,
32, 25, 00, 00, 00, B1, 06, 9D,
2E, 00, 00, 00, 00, 00, 98, 00,
00, 00, 00, 81, 00, 00, 10, 71,
93, 00, 00, 2A, 4D, 00, 00, 00,
00, 00, 00, 00, 00, 00, 00, 00,
00, 00, 5E, 00, 00, 00, 00, 00,
00, 00, 00, 00, 00, BD, 00, 00,
00, 00, 06, 00, 00, 00, 00, 00,
00, 00, 44, 00, 00, 2A, 00, 00,
00, 00, 00, 00, 00, AF, 78, 00,
00, 00, 13, 00, 00, 00, 00, 00,
00, 00, 00, 00, CA, 00, 00, 00,
00, 36, 36, 00, 00, 7F, 00, 00,
00, 00, 00, 00, 00, 00, 00, 00,
00, 00, 00, 00, 00, 00, 00, 00,
00, 00, 00, 00, 00, 00, 00, 33,
00, 00, 00, 00, 00, 00, 00, 00,
00, 00, 00, 15, 00, 00, 00, 00,
00, 00, 00, 00, 00, 00, 00, 00,
00, 00, 00, 00, 00, 00, 00, 00,
00, 00, 00, 00, 00, 00, 00, 00,
00, 00, 00, 00, 00, 00, 00, 64,
00, 00, 00, 00, 00, 00, 00, 00,
BA, 00, 00, 00, 00, 00, 00, 00,
00, 00, FF, 00, 00, 00, 00, 00,
00, 00, 0C, 00, 00, 00, 00, 00,
00, 00, 00, 00, F6, 00, E4, 55,
00, 00, 00, 00, 00, 00, E7, 72,
6D, 00, 00, 00, 00, 4A, F1, 00,
E7, 00, 00, 00, 00, 00, C0, C4,
00, 3E, 00, 00, F1, 06, 00, 00,
00, 00, 00, 00, 00, 54, 00, 00,
00, 3B, 00, 00, 00, 00, 00, 00,
00, 00, 00, 00, 00, 00, 6C, 00,
00, 00, 00, F5, 00, 00, 00, B4,
00, 00, 00, 00, 00, 00, CD, 60,
C1, 00, 00, 00, 33, 00, 00, 00,
00, 00, B9, 00, 11, 00, 00, 00,
00, 00, 00, AF, 00, 00, 00, 00,
00, 00, 00, 00, 00, 00, 00, 10,
00, 08, 00, 00, 00, 00, 00, 00,
00, C2, 00, 00, 00, 00, 5F, 00,
00, 00, 1A, 00, 00, 00, 00, 00,
00, 25, AD, 00, 00, 22, 00, 00,
00, 00, 00, 00, 00, 00, 00, 5B,
00, 00, 1E, 00, 00, 00, 00, 00,
00, 00, 83, 00, 00, 00, 00, 00,
00, 00, 00, 00, 00, 00, 00, 00,
00, 35, A3, 89, 00, 00, 00, 37,
61, 00, 4F, 00, 00, 00, 00, 00,
00, 00, 00, 00, 00, 00, 00, 00,
00, 00, 8F, 00, 00, 00, 00, 00,
00, 00, 00, 00, 00, 00, 00, 00,
00, 00, 01, 00, 00, 00, 00, 00,
00, 00, B0, 00, 00, 00, 00, 00,
00, 00, 00, 2E, 00, 00, 00, 00,
00, 00, 65, 00, 00, E3, 00, 4F,
00, 00, 00, 45, 00, 00, 00, 00,
58, 00, 00, 36, 00, 00, 00, 0D,
EA, F5, 00, 87, 00, 00, 00, 00,
00, 85, 00, 00, 00, 00, 00, 2A,
00, 00, 00, 4F, 00, 00, 00, C7,
00, 00, 64, 88, 00, 00, 00, 00,
00, 00, 00, 00, 77, 00, 00, 28,
00, 00, 00, 00, 00, 00, 49, 00,
00, 00, 00, 00, 4D, C1, 51, 00,
00, 19, 00, 00, 00, 00, 00, 00,
00, 1B, 00, 00, 00, 00, 00, 00,
00, 00, 00, 00, 00, 00, 00, 00,
00, 00, 00, 00, 00, 00, 00, 02,
00, 44, 00, 00, 00, 50, 00, 00,
00, 00, BB, 00, 00, 00, 00, 00,
46, 3A, 00, 8D, 00, 00, 00, 00,
00, 00, 00, 00, 00, 00, 00, 74,
00, 67, 00, 00, 00, 00, CC, 00,
2B, 9F, 00, 00, 00, 9B, 91, 00,
00, 00, 00, 00, 00, 00, 00, 00,
00, 00, 64, F0, 00, 06, 00, 00,
00, 00, B7, E6, C4, 00, 00, 00,
00, 00, 00, 00, 00, 00, 00, 00,
00, 00, 00, 00, 00, 00, 00, 00,
00, 00, 49, 00, 00, 00, 00, 00,
E3, 00, 00, 00, 00, 00, 00, 00,
7D, 00, 8A, CC, 00, 36, ED, 00,
00, 00, 00, 00, 00, C7, 00, 77,
00, 00, 58, 6A, 00, 00, B2, 00,
00, 00, 00, 00, F9, 00, 00, 55,
00, 00, 00, A0, 00, 00, DD, 00,
49, 00, 00, 00, 00, 00, 00, 61,
00, 00, 00, 00, 00, 7B, 00, B1,
00, AD, 6D, 00, 00, AF, 00, 00,
00, 00, 00, 00, 00, 00, 51, 00,
F6, AE, 00, 00, 00, 00, 00, 00,
78, 00, 00, 00, 00, 00, 00, 00,
00, 3E, 00, E8, 00, 00, 00, 00,
00, 00, 00, 00, EB, 00, B8, 00,
00, 00, 00, 00, 00, 00, 00, 00,
00, 00, 00, 00, 00, 00, B2, 00,
30, 00, 00, 00, 00, 00, 00, 00,
E1, 64, 00, 00, 00, 75, 00, 00,
00, 00, 11, 00, 00, EA, EE, BA,
00, E7, 00, A3, 00, 00, 30, 00,
00, 00, 00, 08, 00, 00, 00, 00,
00, 00, 00, 00, 00, 00, FA, 00,
00, 00, 00, 3D, 00, 00, 00, 00,
00, 00, 30, 00, 00, 00, 00, 00,
00, 00, 00, CA, 00, 00, 00, 00,
00, 00, 70, 00, 00, 00, 00, 00,
00, 00, 04, 00, 00, 00, 00, 19,
00, 00, 00, 00, 00, 00, 00, 00,
00, 00, 00, 00, 00, 00, 7B, 00,
00, D9, 00, 00, 9C, AB, A1, 00,
00, 00, 00, 00, 00, 00, 00, 00,
D4, 23, B8, 00, 00, 73, 00, 00,
00, 00, 00, 66, E6, 84, 00, 00,
00, 00, 00, 00, 00, 00, 00, 00,
00, 77, 00, 00, 5A, 71, 00, 00,
00, 2F, 00, 00, 00, 00, 3D, 00,
00, 00, 00, 15, 00, 00, 24, 00,
00, 00, 00, 00, 00, A3, 00, 00,
00, 00, 00, 00, 00, 00, 00, 00,
00, 00, 00, 00, 00, D0, B1, 00,
00, 00, 00, 00, 00, 00, 00, 50,
00, 5D, 00, 00, 00, 00, 00, 00,
17, 00, 00, 00, 00, 00, 00, 00,
00, 00, 00, 1E, 00, 00, 00, 00,
00, 00, 00, 00, 00, 00, 00, 8E,
F4, 00, 00, 00, 00, 4B, F0, 00,
D4, 2B, 00, 00, 00, BC, 00, 00,
00, 00, 00, 00, 00, 00, 00, 00,
00, 00, 5B, 00, A8, FC, 65, 00,
5B, 4A, 00, 00, 00, 00, 00, 00,
00, 00, 00, 00, 00, 00, 7A, 00,
25, 00, 00, 00, 00, D9, 00, 00,
00, 00, FA, 37, 00, 00, 86, 00,
00, 00, 00, 00, 00, 00, 25, 00,
00, 00, E5, AD, 00, 00, 00, 00,
00, 00, 00, 5A, 4B, 00, 00, 00,
00, 00, 00, 00, 00, 26, 00, 00,
00, 00, 00, 00, 00, 00, 00, 00,
00, 00, 00, 34, 00, 00, 00, 00,
00, 3B, 00, 00, 00, 00, 00, 00,
00, 00, 00, 00, 00, 00, 00, 00,
E0, 00, 00, 1B, 66, BC, 00, 00,
00, 00, 00, 00, 00, 00, 00, 00,
A6, 00, 00, 00, 00, 00, 00, 00,
48, 2A, 00, 00, 00, E8, 00, 00,
00, 00, CF, B8, 00, 00, 00, ED,
00, 00, 00, 00, 00, 00, 00, 00,
56, 00, 00, 5F, 00, 00, 2E, 4B,
00, 00, 00, 6B, 8F, 00, 42, 00,
00, 00, 00, 00, 0C, 00, 4D, 00,
1C, 00, 00, 00, 12, 00, 00, 68,
00, 00, C6, 00, 00, 00, 59, 00,
00, 00, 00, 00, 00, 00, 00, 00,
00, 00, 00, 00, 1E, 00, 00, 00,
00, 00, 00, 00, D5, 00, 48, 00,
00, 00, 00, 00, 00, 00, 00, 00,
00, 00, 00, 00, 00, 00, 00, 76,
00, 00, B8, 00, 00, FB, 68, 00,
00, DA, 00, 00, 00, 00, 46, 00,
00, 00, 00, 00, BD, 52, 00, 00,
B4, 00, 00, 00, 75, 00, EC, 00,
00, 00, 02, 00, 58, 44, 00, 9E,
00, 00, 00, 00, 00, 00, 16, 3B,
00, 63, 00, 84, 00, 00, 00, 00,
92, 00, 34, 00, AB, 00, 00, 00,
00, 00, A3, 00, 00, 60, 00, 6A,
00, 00, 00, 2E, 98, 00, 00, 4A,
00, 00, 00, 00, 00, 00, BA, 00,
2C, 00, 00, 00, 00, 00, 00, 72,
00, 00, 00, 53, 32, 00, 00, E1,
00, 00, 00, D7, 00, 00, 00, 00,
00, 00, 00, 00, 00, 00, 70, 00,
00, 00, 00, 00, 00, 00, 00, 00,
00, 00, 00, 00, 00, 00, 00, 00,
00, 00, 00, E0, 00, 47, 00, 00,
00, 00, 06, 00, 00, 00, 5D, 87,
A0, 00, 00, 00, FF, 00, 00, 00,
00, 00, 00, 00, 00, 00, 00, 00,
00, 00, 00, C8, 00, CF, 00, 00,
00, 00, 0B, 00, 00, 00, 00, 00,
00, 00, 00, 4C, 00, 00, 06, 00,
00, 00, 00, ED, 00, 00, A4, 00,
2D, 00, 00, 0D, 00, 00, 6B, 00,
00, 00, 71, A1, 00, 00, 00, 00,
00, 00, 84, 00, 00, 00, 00, 00,
00, 5A, 00, 00, 00, 00, 00, 00,
00, 00, 00, 00, 00, 00, 00, 00,
EB, 00, 00, 00, 00, 00, 00, 00,
00, 00, 00, 00, 00, 00, 00, 00,
00, 00, 2B, 00, 00, 00, 1A, 00,
89, 00, 4A, EA, 00, 00, 00, 00,
7C, 00, 4D, 00, A9, 00, 00, 00,
00, 00, 3D, 3A, 00, D4, 00, 00,
00, D1, 00, C1, 00, EC, 00, 0A,
15, 00, 00, 00, 00, DD, 00, 00,
00, 00, 00, 26, 00, 00, 00, 27,
00, 00, 00, 00, 9D, F2, F0, 00,
00, 00, 00, 00, 00, 00, 00, 00,
00, 67, 00, 49, 00, 00, 00, 00,
A7, 00, 00, 00, 14, 00, 00, 00,
00, 00, 00, 00, 00, 00, 00, 00,
00, 00, 00, 71, 00, 00, 00, 00,
CA, 00, 0F, 00, 00, 00, 00, 00,
00, 00, 00, 00, BA, 00, 00, 00,
00, 00, 00, 2B, 00, 00, 00, 00,
00, 00, 00, 00, 00, 00, 00, 8F,
00, 00, 00, 00, 00, 00, 00, 00,
00, 00, 00, 00, 85, 00, 00, 00,
00, 00, 00, 00, 00, 00, 00, 00,
00, 00, 00, 00, 00, 00, 00, FF,
00, 00, 00, E2, 00, 00, 00, 00,
00, 00, 8E, 00, 00, 00, 00, 00,
00, C8, 00, 00, 00, 00, 00, 00,
00, 00, 00, 00, 00, 62, 00, 00,
95, 00, 00, 00, 00, 00, 00, 00,
00, 00, BE, 00, 5D, 00, 53, 00,
4C, 00, 00, 00, 00, 00, 00, 00,
00, 00, 00, 00, 5D, 00, 12, 00,
00, 00, B6, 00, 00, 00, 00, 00,
00, D5, 00, 23, 00, 9C, 00, 00,
00, 00, 00, 00, 00, 00, 00, 00,
00, 00, 00, 00, 00, 00, 98, D0,
2B, 00, 00, 00, 90, 00, 00, 00,
26, 00, 00, 00, 00, 00, 00, 00,
D1, 00, 00, 55, 00, DE, 00, F5,
00, 00, 00, 00, 00, 00, 00, 00,
77, 00, 00, 00, 00, 00, 00, 00,
00, 00, 00, 00, 00, 00, 00, 00,
00, 00, 00, 00, C9, 00, 00, 00,
00, 00, 00, 00, 00, 00, 00, 00,
65, 00, 00, 00, 00, 00, 00, 00,
00, 00, 00, 00, 00, EE, 00, 00,
00, 00, 00, 00, 00, 00, 00, 41,
DC, 00, 00, 00, 00, 00, 00, 00,
00, 00, 00, 00, 00, 00, 00, 00,
00, 00, 00, 77, 00, 00, 00, 14,
EE, 00, 16, 00, 00, 00, 00, 00,
A6, E2, 00, 00, 00, 74, 00, 00,
00, 00, 00, 55, 00, 00, 00, C9,
00, FB, 00, 00, 00, 00, 22, 00,
77, 00, 00, 00, F1, 00, 00, 1E,
00, 00, 00, 38, 00, 00, 00, 00,
9C, 00, 00, EB, 00, 00, 00, 00,
00, 00, 00, 00, 00, 00, 00, 6C,
00, FB, 00, 00, 00, 00, 00, 00,
00, 00, 5B, 00, 00, EF, 00, 00,
00, 00, 00, CA, 00, 00, 00, 00,
00, 00, 00, 00, 4A, 00, 52, 00,
27, 00, 00, 16, 00, 00, 00, 00,
00, 00, D2, 00, 00, 00, 00, 00,
00, 00, 00, 00, 00, 00, 00, 00,
00, 00, 00, DF, 00, 00, 00, 00,
00, 00, 00, 49, 00, 84, 00, 00,
EC, 00, 00, 00, 00, 7E, 00, 00,
00, 00, 00, 00, 00, 06, 00, 00,
00, 00, 00, 00, 00, F2, 00, 00,
00, 00, 00, 00, 00, 00, 00, 00,
00, 00, 00, A3, 00, 0C, 00, 00,
56, 00, 00, 00, 00, 00, 00, 00,
00, 27, 00, 00, 00, 00, 00, 00,
00, 00, 00, 00, 00, 00, 00, 00,
00, 00, 00, 00, 00, 00, 00, 86,
00, 9C, C5, 00, 00, 00, 00, 00,
00, 00, 00, 00, 95, 00, 00, B1,
00, 00, 44, 00, 00, CF, 00, 4D,
00, E0, 26, 1D, 00, 00, 00, 00,
DD, 00, 00, 00, 2D, 00, 00, 00,
1A, B9, F9, 00, 00, 00, 00, 83,
06, 00, 00, 00, 00, 00, 00, 00,
00, 00, 00, 00, 00, 00, 00, 2E,
00, 00, 00, 00, 00, 39, 00, 00,
00, 00, 00, 00, 00, 00, 56, 00,
00, DD, 00, 16, 00, 00, 00, 00,
00, B6, 00, 00, 00, 00, 00, 00,
00, 00, B3, 00, 00, 30, 00, 00,
00, 00, 00, 00, 00, 00, B3, 00,
61, 00, 00, 00, 00, 00, 00, 00,
00, 00, 00, 00, 00, 00, FF, 00,
00, 12, DA, 98, 6E, 00, BA, 82,
00, 00, 00, 00, 00, D7, 00, AD,
00, 00, 00, 00, 00, 00, 00, 26,
00, 00, 00, 00, 00, 31, 00, 00,
D9, F6, 00, 00, 00, 00, 00, 00,
00, 92, 00, 16, 00, 00, 00, 00,
00, 00, 00, 00, 00, 00, 00, 05,
00, 00, 00, 00, 00, B8, 00, 00,
00, 00, 00, 00, FF, 00, 00, B0,
00, 00, 01, 1E, 00, 00, 00, 00,
00, 00, 00, 00, 00, 00, 23, 14,
00, E1, 00, 3C, 00, 00, 00, 00,
00, 00, 00, 00, BB, 00, 00, 00,
00, 00, 00, 91, 00, 00, 00, 02,
00, 00, 4C, 00, 00, 9B, 00, 90,
00, 00, 00, 00, 00, 00, 00, F9,
87, 00, 00, 00, 00, 00, 4D, 00,
00, BD, 00, 00, 00, B3, 00, 00,
00, 00, 11, 00, 00, 00, 00, 00,
00, 60, 00, 00, 00, 00, 00, 00,
CD, 00, 00, 00, 00, 00, 00, 00,
00, 1F, DE, 00, 00, 56, 00, 9E,
00, 00, 62, 00, 00, 00, 00, 00,
85, 00, 00, 00, 00, 6A, 00, 00,
AE, EC, 3D, 00, 00, 2F, 00, 00,
00, 00, AC, 00, 00, 00, 8E, 00,
22, 00, 00, BF, 00, 00, 00, 00,
3F, 00, 00, 00, 00, 00, 00, 5A,
00, 00, 00, 9A, 00, F6, 1D, 00,
00, 00, 00, 00, 6B, 00, 00, 52,
69, 00, 67, 00, 00, 00, 00, 00,
00, 00, 00, 00, 00, 00, 00, 00,
00, 1A, 00, 00, 00, 00, 00, A0,
00, 00, 00, 00, 00, 00, 00, 00,
00, 00, 00, 00, 00, 00, 00, 00,
00, 00, B3, 00, 00, 00, 59, 00,
F9, D1, FE, 00, 00, 00, 00, 00,
00, 00, 77, 12, 00, 15, 00, 52,
00, 00, 00, 00, 1B, 00, 00, 00,
00, 00, 00, 00, 00, 00, 00, C6,
CD, 52, 00, 00, 94, 00, 00, 00,
06, 00, 00, 25, 00, D8, 00, 00,
00, 00, 00, 00, 8E, 00, 00, 00,
00, 00, 00, 00, 00, B8, 9C, 00,
00, 00, 00, 00, 00, 00, 00, 00,
00, 00, 00, 1B, 17, 00, 00, 00,
00, 00, 00, 00, 00, 00, 00, 00,
00, 00, 00, 00, 00, 00, 00, 00,
00, AF, 9D, 00, 00, 00, 00, 00,
44, 00, 00, 00, 00, 98, A2, 00,
00, 00, 00, 00, 00, 22, 9D, 00,
00, 00, AD, 00, 00, 00, 00, 00,
E1, 4C, 00, 00, 00, 00, 71, 00,
00, 00, 00, C9, 00, 00, 00, 00,
00, 00, 00, 00, 00, D3, 00, 1E,
00, 00, 00, 00, 00, 00, 57, CC,
36, 9E, 00, 00, 00, 00, F3, 00,
00, 9A, 87, 00, 00, 22, 12, 00,
1C, 00, 00, 00, 00, 00, 00, 00,
BD, 00, 00, 00, 00, 00, 00, 00,
00, 00, 00, 00, 00, 3A, 00, 00,
00, 00, 00, 00, AA, 00, 00, 00,
00, 00, 00, 00, 00, 00, 00, 00,
00, 00, 00, 00, 00, 00, 00, 00,
00, 00, 00, 00, 00, 00, 00, 62,
00, 00, 30, A8, 82, 00, 00, 00,
F6, CF, 00, 00, 24, 00, 00, 00,
00, 00, 00, 00, 00, 00, 00, 1D,
00, 00, 00, 00, 00, 72, A1, 20,
00, 2C, E5, 00, B1, 00, 00, C2,
FC, C5, 00, 00, 00, 00, 00, 00,
00, 00, 00, 00, 00, 57, 00, 00,
00, 00, 00, 00, 00, 00, EB, 00,
00, 00, 00, 00, 00, 7F, 00, 00,
12, 00, 00, 00, FF, 00, C9, 00,
00, EF, 00, 00, 04, EC, 00, 00,
57, 00, 00, 00, 00, 00, 00, 4A,
00, 09, 38, 00, 00, 00, 00, 00,
00, 00, 00, 00, 00, 00, BF, 00,
6E, 00, 00, 00, 2B, 00, 00, C0,
00, 00, 00, 00, 00, 0D, 00, 00,
00, 00, 00, 00, 00, 00, 00, 00,
F5, 00, 00, 00, 00, 00, 2B, 00,
00, 00, 00, 00, E7, 00, E9, 0F,
00, 00, 00, 00, 00, 00, 00, 2E,
00, 00, 00, 00, 00, 00, 00, ED,
00, 83, 25, 00, 5B, 00, 00, 00,
00, 00, 00, 80, 64, DD, 00, 00,
00, 00, DA, 00, 00, 00, 00, 00,
00, 00, 00, 00, 00, 00, 00, DD,
67, 00, D9, 43, 00, 00, 00, 00,
00, 08, 00, 00, 00, 00, 00, 00,
00, 00, 00, 00, 00, 00, A6, 00,
00, 00, 00, 00, 00, 00, 00, 00,
00, 0E, D9, 5B, 00, 00, 00, 00,
00, 00, 00, 01, 00, 00, 00, 00,
00, B1, 00, 00, 00, E1, 00, 00,
00, 00, 00, 00, 00, 00, 3B, 4C,
00, 00, 00, 00, 9C, 00, 00, 00,
00, 00, 00, F6, 00, 00, 00, 00,
00, 00, 47, 00, 00, 00, 00, 00,
00, A3, 00, 00, A8, 66, 00, 00,
00, BD, 00, 09, 00, FB, 00, 00,
00, 00, DD, 19, 00, 00, 00, 00,
00, 00, 00, 00, 00, 00, 00, 00,
00, 00, F4, 00, 00, 00, 00, 00,
00, 00, 94, 00, 00, 00, 7F, 91,
00, 00, 00, 16, 00, 00, DF, 00,
00, 00, 00, AA, 00, 7E, 00, 00,
00, 00, 00, 00, 00, 00, 00, 46,
00, 00, 00, 00, 00, 30, 00, B1,
69, 00, 00, 00, 00, 00, 00, 00,
00, 00, 00, 00, 00, 00, 00, 00,
A2, 00, 00, 00, 00, 00, 00, 00,
00, 00, 56, 00, 00, A2, 00, 00,
75, E1, 00, F8, 00, 00, 00, 00,
EA, 00, 00, 00, 00, 00, 00, FE,
00, 5A, 00, 00, 00, 00, 00, 00,
00, CC, 00, 00, 00, 00, 00, 00,
00, 00, 00, 00, 00, 00, 00, 00,
00, 00, BF, 00, 00, 00, 00, 00,
00, 00, 00, 00, 23, 00, 00, 00,
00, 00, 00, 00, 00, 00, 00, 00,
F8, 00, 00, CB, 00, 00, 00, 00,
00, 00, 00, 4B, 00, 00, 00, 00,
00, E3, 00, 00, 00, 00, 00, 87,
00, 00, 00, A4, 00, 00, 00, 5F,
00, 00, 00, 00, 00, 00, 00, 00,
00, 00, 00, 00, 00, 00, 00, 00,
00, EA, 00, 72, 00, 00, 00, 00,
D2, 00, 00, 00, 00, 00, 00, 00,
45, 00, 00, 00, 00, 00, 00, 00,
8D, 00, 00, 00, 00, 00, 00, 00,
00, 00, 00, 00, 00, 00, 00, 00,
00, 00, 00, 00, 00, 00, B3, 00,
00, 00, 00, 00, 00, 00, 00, 00,
00, 00, 00, 00, 00, 00, 00, 00,
BB, 00, 00, 00, 0F, 00, 00, 97,
00, 00, 2E, 00, 00, 00, 00, 00,
00, 00, 00, 26, BE, 00, 00, 00,
00, 00, 00, 00, 00, 00, 00, 00,
00, 58, 99, 00, 00, 00, 35, 00,
6B, 00, 00, 00, 00, 5A, 00, 0A,
00, 00, 00, 16, 00, 00, FD, 00,
00, 00, 00, 00, 00, 00, 00, 00,
00, 00, 71, 2A, 00, 00, 00, 00,
FF, 00, 00, 00, 00, 00, 00, 00,
00, 00, 00, 00, 00, 00, 00, 24,
00, E2, 00, 00, 00, 00, 00, D1,
8D, 00, 00, 00, 23, 00, 00, 00,
34, 00, 00, 00, E9, 00, 00, 1A,
E4, 00, 00, 00, 00, 00, 00, 00,
00, 00, B6, 00, 00, 00, 00, 00,
3D, 00, 53, 00, 00, 00, 00, 49,
00, 00, 00, 00, 00, DC, 00, 00,
00, 2B, 00, 00, 00, 00, 00, 00,
00, 6F, 00, 00, 00, 02, 00, 00,
00, 00, 00, C6, 00, 00, 00, 7F,
00, 00, 00, 3A, 00, F9, 00, 00,
00, 42, 00, 00, 00, 00, 00, 00,
DC, 00, 00, 0E, 7F, 1D, 00, 00,
00, 00, 00, 00, 56, 00, 00, 00,
00, 28, 00, 00, 00, 00, B0, 00,
00, 00, 00, 00, 00, 00, 00, 00,
00, 00, 00, 00, 00, 00, 00, 00,
00, 00, 00, 00, 00, 00, 00, DA,
00, D0, 00, 00, 00, 00, 00, 00,
00, 00, 00, 00, 00, 41, 9B, 00,
00, 00, 00, 00, 00, 00, 13, 00,
28, 00, 00, D1, 00, 00, 00, 06,
00, 1E, 00, 00, 00, 00, 00, 00,
00, 00, 00, 00, 00, 00, 00, 00,
00, 00, 00, 00, 00, 79, 00, 00,
42, 00, 97, 40, 00, 00, C2, 00,
00, 00, BF, 00, 00, 00, 00, 17,
00, 00, 00, 00, 00, 00, 00, 00,
00, 00, 47, 00, 00, 63, 00, 00,
00, 00, 00, 00, 00, 00, 0F, 00,
00, 00, 97, 00, 00, 00, 00, 00,
00, 00, 00, 6A, 00, 00, 00, 00,
00, 17, 00, 00, 00, 00, 4E, 00,
00, 00, 00, 00, F1, 00, 00, 00,
00, 29, 00, E3, 00, 30, 00, D3,
00, 00, 00, 00, 00, 00, 00, 00,
00, 00, 00, 00, 00, 00, 00, 00,
11, 00, 95, 00, 00, 00, 00, 00,
0B, 00, 72, 00, 00, 00, 7F, 00,
00, C6, 00, 00, 74, 00, 00, 00,
00, 00, 00, 00, 00, 00, A9, 00,
00, 00, 00, 00, 00, 00, 00, 00,
00, 1D, 00, 04, 00, 00, 00, 00,
00, 00, 00, 00, 00, 00, 00, 00,
FE, 00, 00, 00, 00, 00, 00, 00,
00, 00, 59, 00, 00, 00, 00, 6B,
00, 00, 00, 00, 64, B6, 00, 45,
00, 87, 00, 00, 00, 00, C8, 00,
00, 96, 00, 00, 00, 00, 00, 00,
00, 00, 00, 00, 00, AF, 00, 00,
6C, 98, 00, 00, 00, 94, 4B, 00,
00, 00, 00, 00, 28, 00, 00, 00,
00, AA, 34, 4C, 00, 2C, 00, 00,
00, 00, 00, 00, 00, 00, E0, CD,
00, 00, 00, 00, 00, 86, 00, 00,
00, 00, 00, 00, 00, 00, 00, 00,
00, 00, 00, 00, D8, C9, BF, 00,
00, 2E, 00, 00, 00, 00, 00, 00,
00, 00, 00, 00, 00, FC, 00, 00,
00, 99, 00, 00, 00, 00, 00, 00,
50, 00, 00, 00, 00, 51, 00, 00,
85, 00, 00, 00, 00, 00, 00, 00,
00, 00, 00, 07, 00, 00, 73, 97,
25, 6D, F6, 00, 00, 63, 00, 00,
00, 00, 00, 00, 00, 48, 00, 00,
00, BC, 5D, 00, 00, 15, 00, 00,
00, 00, C2, 00, 00, 5E, 00, 6E,
EC, 00, 00, B3, 00, 29, 00, 01,
C8, 00, 00, 00, 00, FD, 00, 73,
00, 00, 00, 00, 00, 00, 00, 00,
00, 00, 00, 00, 00, 69, B5, 32,
00, 00, 00, 74, 00, 00, 15, 00,
00, 00, 00, 00, 00, EA, 00, 00,
73, 00, 00, D3, 0F, 00, 00, 00,
00, 00, 00, 00, 00, 00, 00, 00,
00, 00, 00, 00, 00, 00, 00, 00,
00, 00, 00, 00, 05, 00, 1E, 00,
00, F6, 5D, 49, 00, 00, 00, 1C,
00, 96, 00, C3, 00, 00, 00, 00,
5E, 00, 00, 00, 00, C5, F7, 9C,
00, 00, 00, 00, C5, 00, 03, 00,
00, 00, 00, 00, 00, 00, 00, 00,
00, 00, 00, 00, 00, 3E, AD, 00,
FC, 00, 00, 00, 00, 00, 00, 00,
00, 00, 00, 00, 00, 00, 00, 00,
79, AD, C8, 57, 00, 00, 00, 3B,
00, 00, 00, 00, 00, 00, 00, 00,
00, 00, 00, 00, 00, 00, 00, 00,
00, 00, 00, 00, 00, 00, 00, 00,
00, 00, 00, 00, 00, 9A, 00, CE,
00, 00, 00, 00, 00, 00, 00, 00,
E2, 00, 00, 00, 00, 00, 00, 00,
00, 20, 00, 00, 00, DC, 00, 00,
D1, 6F, 00, 00, 00, 00, 00, 8B,
00, 00, 00, 58, D5, 00, 00, 00,
00, 10, 00, 00, 00, 00, 00, A9,
00, 00, 00, 00, 00, 00, 00, 00,
00, 00, 00, 00, 00, 00, 00, 00,
00, 00, E7, 00, 9A, 85, 00, 00,
00, C2, 00, 00, 0E, 9F, 00, 00,
00, 00, B9, 00, 00, 35, 00, 00,
00, 00, 00, 00, 00, 00, 00, 00,
00, 00, 00, 00, 00, 00, CD, 00,
1D, 00, 00, 00, 00, 00, 8E, 00,
00, 00, 00, 00, 00, 00, 00, CF,
00, 2D, 00, 00, 68, 00, 00, 15,
00, 00, 00, 00, A3, 00, 00, 00,
00, E8, 00, 00, 3D, 00, 00, 01,
00, 00, 00, 00, 00, 00, 00, 00,
00, 00, 00, 00, 00, D0, 00, 00,
00, 26, 00, 00, 00, 00, 26, 9C,
BC, 00, 00, 00, 00, 00, 00, 00,
00, 00, 00, 00, 00, 00, 00, 00,
00, 00, 00, 00, 00, 00, 00, 22,
70, 00, 00, 00, 00, 00, 00, B5,
B0, A2, 00, 00, 00, 00, 36, 00,
00, 00, 00, 00, E2, 00, 00, 00,
00, 5A, C9, EC, E8, 00, 25, 7E,
00, 79, CB, 00, 00, 00, 00, 00,
00, 00, 00, 00, 00, 00, 00, 00,
00, 00, 00, 00, 00, 00, 00, 00,
00, 00, 00, 00, 00, 00, 00, 16,
00, 1C, 9E, 00, 00, 00, 00, 00,
B6, 09, 00, 00, 7B, 9B, 00, 41,
00, 00, 00, F6, 00, 00, 00, 6F,
00, AB, 00, 00, 00, 00, 00, 00,
00, 14, 00, 00, 1F, 00, 00, 00,
00, 00, C3, 00, A1, 00, 00, 26,
00, 00, 6E, 00, 9E, 00, 00, 93,
00, 00, 00, 00, 00, 00, 2F, 00,
00, 00, 00, 00, 00, 00, 00, 00,
00, 00, 00, D8, 40, 31, 00, 00,
00, 00, 00, 00, 3D, 00, 00, 00,
F2, 00, 18, 00, 00, 00, 00, 00,
DA, 00, 00, 00, 32, 72, 00, 00,
00, 00, 00, 00, 00, 21, 00, 00,
00, 00, 00, 00, 43, 00, 7F, 00,
00, 00, 00, 57, 00, 00, 30, 00,
38, 00, 00, 63, D7, 00, 00, 00,
00, 00, 34, 00, 00, 00, 00, 00,
00, 66, 00, 00, 94, 00, 00, 00,
00, 00, 00, A2, 00, 9C, 00, 00,
00, 00, 00, 00, D7, 03, 00, 00,
00, 00, 00, 00, FD, 00, 00, 00,
00, 00, 00, 00, CC, 00, 00, 00,
00, 00, 00, 00, 00, 00, 00, 00,
00, 00, 00, 4C, 00, 00, 00, CB,
00, 00, 00, 00, 00, 00, 00, 00,
00, 00, 00, 00, 00, 00, 00, 00,
A9, 00, 00, 00, C1, 00, 00, 00,
00, 82, 00, 00, 00, 00, 00, 00,
00, 00, 00, D1, 36, 00, 00, 00,
7F, 00, 00, 00, 00, 00, 00, 00,
00, 00, 00, 00, 00, 00, 90, 00,
00, 00, 00, 00, 00, 00, 00, 00,
00, 00, 00, 00, 00, 00, D4, 00,
00, 00, 00, 00, 00, 00, 00, 00,
00, 00, 00, 00, 00, 00, CE, 00,
00, 59, 00, 00, E5, 00, 00, 87,
00, 00, 00, 00, 00, 00, 00, 63,
00, 00, 00, C5, 00, 00, 00, 00,
A6, 00, 68, 00, D1, 00, 00, 00,
00, 00, 00, F1, 00, 68, 00, 00,
F1, 00, 00, 00, 00, 00, 00, 00,
00, 00, B2, 00, 00, 27, 0E, 00,
81, 00, 00, 00, 00, 00, 00, 00,
00, 00, 9A, 00, 00, 00, 00, 16,
00, 00, 00, 00, 00, A3, 00, 00,
00, 00, 00, 00, 83, 00, EF, A6,
00, 00, 00, 00, E8, 00, 00, 00,
00, 00, 00, 00, 00, 00, 7F, 00,
00, 00, 00, 00, 00, 00, 00, 00,
00, 00, 00, 00, 00, 00, 4B, FC,
00, 00, 00, 00, 00, 00, 00, 00,
00, 00, CA, 2E, 00, 00, 00, 78,
00, 00, 00, 00, 00, 00, 00, 00,
00, 00, 00, 00, 00, 00, 00, F5,
00, 00, 00, 00, 00, F4, 00, 00,
CC, 00, 00, 00, 00, 0A, 6B, 00,
00, CF, 00, 00, 00, 00, 00, 00,
00, 00, F7, 00, 00, 00, 00, 00,
00, 6C, 00, 00, 89, 00, 00, 00,
00, 00, 14, 00, 00, 00, EE, 00,
00, 00, 00, 00, 00, E3, 00, 00,
00, 2A, 00, 00, 89, 00, 3B, 00,
00, 00, 00, 00, 00, 00, 00, 47,
02, 00, 00, 2C, 00, 00, 00, 00,
00, 00, 00, 00, 00, 00, 11, 00,
00, 26, 00, 0F, 00, 00, 68, 00,
00, 30, 00, 00, 00, 34, 00, 27,
00, 00, 7B, 00, 8E, 00, 00, E0,
00, 13, B7, 00, DC, 00, 00, 00,
82, 00, 00, 00, 00, 00, 00, 00,
00, 00, 00, A7, D4, 00, 00, 00,
00, 00, 00, F1, 00, 00, 00, 00,
00, 00, 00, 00, B4, 00, 00, 00,
00, 00, 00, 00, 00, 00, 00, 8A,
F0, 00, 00, 00, 00, 00, 00, 00,
90, 00, F7, 00, 00, 00, 00, 00,
00, 2E, 00, 00, 00, 00, 00, 55,
00, 00, 00, 00, 00, 00, 00, 00,
00, D9, 00, 00, 70, 00, 00, 00,
E4, 10, 00, 41, 00, 0F, 64, 00,
00, 00, 00, 00, 00, 00, 00, 00,
00, 00, 00, 00, 00, 00, 00, 00,
00, 00, 1F, 00, 00, 00, 00, 98,
15, 00, 00, 00, 00, 00, C8, 00,
00, 00, 00, 00, 22, 00, 00, 00,
00, 53, 00, 61, 00, 00, 00, 4A,
79, 00, 00, 00, 00, 00, 00, 00,
00, 00, 00, 00, 00, 00, 00, 00,
00, 00, 00, 00, 00, 00, 00, 00,
5D, 00, 00, 00, 00, B0, 0A, FD,
13, FE, 00, 00, 00, 00, 00, 3A,
00, 00, 00, 00, 00, 00, 00, 00,
00, 00, 00, 00, 00, 1E, 00, C9,
00, 00, 00, 00, 00, A0, 00, 00,
00, 00, 00, 00, 00, 00, 0D, 00,
00, 00, DC, 00, 00, 00, 00, 00,
00, 00, 00, 00, 00, 00, 00, 00,
00, 00, 00, B8, 00, 00, 00, 00,
00, 4C, 00, C4, 00, 00, B7, 00,
1E, 00, 00, 51, 38, 0C, 00, 00,
00, EF, 00, 00, 00, 6E, 00, 00,
00, 00, 00, 5D, 00, 00, D5, 00,
00, 00, 00, BA, 71, 02, 00, 00,
00, 1A, 00, 00, 00, 00, 00, 00,
00, 00, 8F, 00, 00, F9, 47, 00,
A6, 00, 00, BF, 00, CC, 00, 00,
00, 00, 00, 64, 00, 00, 00, 92,
00, 36, 00, 00, 00, 1A, 00, 00,
00, 00, 00, 00, 00, 4C, 00, 00,
3F, D1, 00, 00, 00, 00, 6A, 00,
FA, 00, 00, C7, 00, 00, 00, 00,
00, 00, 00, 00, 00, 00, 00, 00,
00, 00, 00, 00, 00, 00, 00, 00,
00, 00, 00, 00, 00, 00, 00, 00,
62, 1A, 00, 00, 00, 26, 80, 00,
00, 00, 00, 00, 00, 00, F1, 00,
00, 00, 13, 5C, 00, 00, 00, 00,
00, 00, 00, 1E, 00, 00, 36, 00,
00, 00, 00, B1, 00, 00, 00, 00,
10, 00, 00, B3, 57, 00, 00, 00,
00, 71, 00, 00, 2C, 00, 00, 00,
00, 00, 00, 00, 00, 00, 00, 00,
00, 00, 00, B4, 00, 00, 31, 00,
00, 00, F4, 00, 00, 00, 00, 00,
00, 00, 00, 00, 2B, 00, 00, 00,
00, 00, D5, 00, 00, 39, 00, 00,
00, 00, 00, B4, 00, 00, 00, 00,
00, 67, 00, 00, 00, 00, 00, 00,
00, 00, 00, B9, 00, 00, 00, 00,
00, 00, 05, 00, 00, 00, 00, 9F,
00, 00, 00, 7E, 00, 00, 00, 00,
00, 00, 59, 00, B6, 00, 00, 00,
00, 00, 00, 00, A2, 00, 00, 00,
00, 39, 26, BC, 00, 00, 00, 00,
00, 00, 00, 6A, 00, 00, 66, 00,
00, 63, 00, 00, 00, 00, 00, 3B,
8D, 00, 00, E6, 00, 00, FD, 00,
00, 00, 00, 00, 00, 00, 00, 00,
00, 00, 00, 3E, 29, 00, B7, 00,
D3, 00, 00, 00, 00, 00, 00, 00,
00, 00, 00, AB, 6C, 00, 00, 00,
51, 00, 00, 00, 00, 00, 00, 00,
96, 00, 00, 00, 00, 00, 00, 00,
00, 00, 00, 0F, 00, 00, 00, 00,
00, 00, 00, 00, 00, 66, 00, 00,
00, 00, 00, 00, 00, CA, AE, 00,
80, 00, 00, 00, 00, 00, 77, 00,
00, 00, 00, 00, 4D, 00, 00, 97,
28, 00, 00, B8, 00, 00, 00, 60,
00, 00, 39, 00, 00, 00, 00, 00,
6D, 00, 00, 56, 00, 00, 00, 00,
00, 00, 00, 00, 00, 00, 00, 00,
DB, 00, 00, 00, 00, BC, A4, 00,
64, FD, 23, 00, 00, DE, 00, 00,
00, 00, 00, 00, 00, C7, 00, 00,
00, 97, 00, 00, 00, 00, 00, 00,
00, 00, 00, 00, 02, 00, 90, 66,
00, 00, 00, 00, DB, 00, 00, 3C,
00, 00, E0, AC, 00, AB, 00, 00,
55, EB, 0D, 00, 00, 49, 0D, 00,
DB, 00, 00, 00, 00, 16, 94, 00,
00, 00, 00, 00, 00, 00, 00, 00,
3C, 00, 00, 00, 00, 00, 15, 00,
00, 00, 14, 00, 00, 00, 00, 00,
00, 00, 00, 00, 00, 00, 00, 9D,
00, 00, 21, 6D, 00, 00, 1B, 00,
00, 00, 58, 00, 00, 00, 00, 7E,
80, 00, 38, 00, 64, 20, 00, 21,
00, 00, 00, 00, DC, 00, 00, 00,
00, 22, 00, 9C, 00, D8, 00, 00,
00, 00, 00, 6C, 00, 00, 00, 00,
00, 00, 00, 00, 65, 00, 71, 57,
00, 00, 00, 00, 00, 00, 00, 74,
62, 00, 00, 00, 00, D7, 00, 00,
95, 00, 9A, 0D, 00, F5, 00, 00,
00, 00, 00, 10, 00, 00, 00, 60,
00, 00, 00, 00, 00, 00, 00, 00,
FF, D4, 00, 00, 00, FD, 00, 00,
00, 65, 00, 7E, 00, 00, 00, 00,
00, 4E, 47, 00, 79, 3E, 00, 00,
00, 00, 00, B7, 00, 00, 00, 00,
00, 00, 00, 00, 00, ED, 00, 00,
00, 00, 00, 00, 00, 00, 00, 00,
00, 00, 00, 00, 00, 00, 00, 00,
00, 00, 00, 00, 00, 00, 00, 00,
00, 00, B8, 00, 9C, 00, 00, 00,
C6, 00, 00, 00, 00, 67, 00, 00,
00, 00, 00, 00, 00, E7, 00, 00,
00, 00, 00, 00, 00, 00, 00, 00,
00, 00, 19, 6D, 00, 00, 00, 93,
00, 24, 35, 00, 00, 00, 00, 00,
00, 00, 00, 00, 00, 00, 00, 8E,
00, 00, 00, 00, 00, 00, C7, 00,
00, 00, 00, 00, 00, AC, 00, 00,
A0, 07, 00, 00, 00, BA, 52, 00,
00, 00, 00, BA, 00, 00, 00, B3,
8E, 00, 00, 37, 00, 00, CF, 00,
00, 00, 2C, 00, 00, 77, 00, 00,
39, 00, 94, 00, 00, 00, 00, 00,
00, 7E, 00, FE, 00, 00, 00, 00,
00, 00, 00, 00, 00, 00, 00, 00,
00, 4D, 00, 00, 00, 00, 00, 00,
00, 00, 00, 00, 00, 00, 00, 00,
00, 00, 00, 00, 00, 00, 00, 21,
00, 00, 00, 25, 00, 00, 00, 00,
00, 00, 00, 19, 00, 00, 00, 00,
00, 00, 9F, 00, 00, 21, 00, 00,
00, 11, BC, 00, 00, D2, 00, 92,
00, 00, 00, 00, 00, 00, 00, 00,
00, 00, 00, 00, EE, 00, 00, 00,
00, 00, 00, 00, 00, 00, 00, 00,
00, 00, 00, 00, 00, 00, 0C, 00,
00, F7, 00, 00, 00, 00, 00, 00,
B1, 00, BB, D9, 00, 00, 00, 00,
00, 00, 00, 8F, 00, 00, 00, 00,
C2, 00, 00, BA, 00, 00, 00, 00,
00, B1, 00, 00, 00, 00, 00, 00,
00, 00, 00, 00, 00, 3C, AB, 00,
00, 00, 00, 00, 00, F3, CA, 00,
00, 3B, 69, 00, 00, 12, 00, 00,
F9, 6E, 00, 00, 00, 1E, 00, 00,
15, 00, 00, 00, 00, 00, 24, 59,
00, 00, 00, 00, 00, 00, 00, 88,
00, 00, 00, 00, 00, 00, FC, 00,
00, 00, 00, 00, 00, 00, 00, 00,
00, 00, 00, 00, E4, 00, 00, 94,
00, 00, 00, 00, 00, 00, 62, 00,
00, 00, 00, EE, 00, 00, 37, 00,
00, 00, 00, D2, 00, D3, D3, 00,
00, 00, 00, 00, 4F, 00, 00, 00,
00, 00, 7F, 65, EC, 00, 00, 00,
00, 8F, B0, 00, 00, 29, 00, 99,
9F, 00, 00, 00, 00, E2, 00, 00,
00, 00, 00, 00, 00, 00, 00, 00,
00, 00, 00, 00, 00, 00, 00, 00,
00, 27, 00, 00, 00, 00, 00, 00,
00, 00, 00, 00, 00, 00, 00, 00,
00, 00, 00, 00, 00, 00, 00, 11,
22, 00, 00, 00, 00, 00, 00, 00,
00, 00, A8, 00, 05, 00, 04, 00,
00, 00, 00, 00, CD, 00, 00, 3F,
1C, 00, 00, 00, 00, 00, 92, 00,
00, 6B, 00, 00, 00, 00, 00, F4,
10, 6C, 77, 00, 00, 00, 00, 00,
00, 00, 00, 00, 06, 00, B3, 00,
00, 00, FA, 00, 00, 00, 00, 00,
DA, 00, 00, 00, 00, 00, 00, 97,
00, 00, 00, 00, 00, 00, 00, 00,
00, 00, 00, 00, 73, 00, A6, 00,
00, 00, 00, F8, E5, C8, 00, 00,
00, 00, 90, 00, 00, C0, 00, 00,
81, 00, 00, 00, 45, 00, 00, 00,
00, 85, 00, 00, 5C, 00, 00, 00,
13, 00, 00, 71, 00, 00, 00, 00,
00, 00, 00, 00, 0B, 00, 00, 00,
00, 00, 00, 00, 00, 60, 00, 00,
00, 00, 00, 00, 00, 00, 00, 00,
00, 00, 00, 00, 00, 00, FE, 00,
00, 00, CD, 00, 00, 00, 00, 00,
00, 00, E7, 00, 00, 7C, 00, 00,
00, 00, 00, 00, 00, 00, 00, 00,
00, 3A, 00, 00, 00, 00, 00, 00,
00, 00, 00, 14, 00, 00, 00, 00,
00, 00, 00, 00, 00, 00, 00, 00,
C2, 00, 00, 00, 00, 00, 00, 00,
00, 00, 00, CB, 00, 00, 00, 89,
00, 5A, 00, 00, 00, 00, 00, 00,
85, 00, 00, 00, 00, 1A, 00, 00,
00, 00, 00, 5B, 00, 00, CB, 00,
A5, 00, 1A, 00, 00, 00, 00, 00,
DE, 00, 00, 00, 00, 00, 00, 00,
00, 00, 00, 00, 00, 00, 00, 00,
84, 00, 00, DD, 00, 00, 00, 6F,
00, 35, 36, 00, 00, 00, 00, 7B,
DB, 00, 00, 00, 00, 00, 00, 00,
E4, 00, 00, 00, 00, 00, 17, 81,
00, 00, 00, CA, 00, 00, 00, 00,
00, 00, 00, FA, 00, 00, 00, 00,
00, 00, 00, 00, BE, 7C, 00, 00,
5C, 00, 66, 0C, 00, 00, 00, 00,
00, 00, 00, 00, 00, 00, 00, 00,
00, 00, 00, 00, 00, 00, 61, 00,
00, DB, 00, A5, 00, 00, 00, 00,
00, 00, 00, 00, 00, 00, 00, 00,
E9, 00, 00, CE, 1C, 00, 00, F2,
00, 00, 00, 00, 00, 00, 00, 00,
00, 00, 00, 00, B4, 00, 00, 58,
00, 00, 00, 00, 00, 8C, 00, 00,
00, 6B, 00, 00, 00, 00, 00, 00,
00, 00, 00, 00, 00, 00, 00, D0,
00, 00, 00, 00, 00, 00, 00, 00,
48, 00, 00, 00, 00, 00, CE, 00,
00, 00, 00, 00, 00, 00, 00, 00,
00, 00, 00, 00, 00, 00, 00, D9,
D6, 00, 00, 56, 00, 00, 00, C1,
EE, 00, 00, 00, E8, 00, 00, 00,
00, 6C, 00, B1, 00, 00, 00, 00,
00, 00, 00, 4B, 00, 00, 00, 00,
00, 00, 00, 00, 00, 0D, 16, 00,
00, 29, 00, 00, 00, 00, 00, 00,
00, 00, 00, 00, 00, 00, 00, 00,
1E, 00, 00, A2, 00, 00, 00, 0F,
00, 00, 00, 00, 00, 44, 00, F6,
00, 00, 00, 00, 00, 00, 00, 00,
00, 00, 00, 00, 00, 00, 00, 00,
00, 00, 00, 00, 00, 00, 00, 00,
00, 00, 00, 00, 00, 00, 00, 00,
54, 00, B5, 17, 00, D2, 00, 00,
00, 00, 00, 00, 00, 00, E4, 00,
00, 00, 00, 11, C9, 00, 00, 00,
00, 00, 7F, 00, 00, 00, 00, 00,
00, 00, 00, 00, 24, 00, 88, 00,
00, 00, 00, 00, A6, 00, 00, 00,
00, 00, 00, BE, 00, 00, 00, 00,
00, 00, 00, 00, D1, A5, 00, 00,
00, 00, 00, 00, 00, 00, 80, 00,
00, 00, 00, 00, 00, 00, 00, 00,
00, 00, 00, 00, 00, 00, 00, 00,
00, 00, 00, 0E, 00, D5, 00, 5B,
BE, 00, 8F, 00, 00, 51, 69, 00,
00, 00, 00, 00, 00, 00, 00, 00,
92, 00, 00, A2, 00, 00, 2E, 43,
00, 00, 00, 00, 00, A1, 00, 00,
5F, D3, 3B, 00, 94, 00, 00, 00,
30, 00, 27, AD, 00, 00, 00, 4B,
00, 00, 00, 00, 26, A1, 00, 00,
00, 00, 00, 00, 00, 05, 00, 00,
00, 00, 00, 00, 00, 00, 00, 00,
00, 00, 00, 00, 88, 00, 00, 00,
00, 00, DA, 34, 00, 00, 00, 23,
00, 00, 00, 00, 00, A5, 00, 00,
00, C2, 00, 06, DC, 00, 00, 00,
00, 00, 00, 00, 00, 00, 00, 00,
00, 00, 00, 00, FD, 00, 00, 00,
00, 00, 00, 08, 00, 00, 65, 00,
00, 00, 00, 00, 00, 00, 00, 00,
60, 00, 00, 00, 00, 00, 58, 00,
00, 00, AA, 00, 00, 00, 00, 00,
21, 00, 00, 33, 6D, 00, 00, 44,
00, 00, 00, 00, 00, 00, 00, 00,
00, 00, 00, 00, 00, 4F, 3F, 00,
00, 00, 0E, 00, 00, 00, 00, 00,
00, D0, 00, 58, 00, 00, 00, 00,
47, 00, 00, 00, 00, C5, 00, 2C,
00, 00, 00, 89, 00, 00, 00, 00,
8B, 00, AE, 00, 00, 00, 00, 00,
00, 00, 00, 00, 00, 00, 00, 00,
00, D2, 00, 00, 00, 00, 00, 00,
00, 00, 00, 00, 00, 00, 00, 00,
D9, 00, 00, 00, 00, DE, 00, 00,
00, 00, 58, 00, 00, 00, 00, 00,
00, 00, 00, 00, 00, 00, 00, 00,
00, 00, 00, 00, 00, 00, 00, 00,
00, 00, 00, 00, F7, B4, 00, 00,
00, 00, D8, 00, 00, 00, 00, 00,
AC, 00, 00, 00, 48, 00, 67, 00,
CA, 00, 00, 00, 00, 00, 00, 00,
00, 00, 00, 00, 00, 00, 00, 00,
00, 00, B8, 00, 00, 00, 00, 00,
00, 00, 00, 00, 00, 00, 00, 00,
00, 00, 00, 19, 00, F6, 00, 00,
00, 00, 00, 00, 00, A8, 00, 00,
00, 17, 00, 00, A9, 00, 00, 00,
00, 00, 00, B8, 00, C0, 00, 00,
00, 00, 00, 00, FE, 00, 38, 37,
00, 4A, 00, 00, 00, 00, 00, 00,
00, 1A, 00, 00, F5, 00, 00, 00,
00, 00, 00, 00, 00, 00, 00, 00,
00, 9C, 00, CE, 00, 00, 00, 00,
00, 00, 00, 00, 00, 00, 00, 00,
00, 98, 00, 00, 13, 00, 00, 00,
76, 23, 00, 00, 00, 00, 00, 00,
00, 00, 00, 00, 00, 00, 00, 32,
00, 00, 00, F5, 00, 00, 00, 00,
00, 00, 88, C8, 00, 00, 00, 00,
00, 00, 00, 00, 00, 00, 00, 00,
00, 00, 98, 00, 48, 00, 8D, 00,
16, 4B, 00, 00, 00, 00, 41, 00,
00, 42, 00, 00, BE, 00, 00, DA,
00, 00, 00, 00, 00, 00, 00, 00,
74, 00, 00, 00, 00, 00, 00, 00,
9F, 00, 00, 00, 00, 00, 01, 00,
00, 00, 00, 00, 00, 00, 00, 86,
07, 58, 97, F6, 78, 00, 00, AF,
7C, 00, F2, 00, 00, 8A, 00, 00,
00, 00, 00, 00, 00, 00, 00, 00,
00, 00, AD, 00, 00, B1, 32, 00,
00, 00, 00, 5D, 00, 00, 83, 00,
00, 00, 9F, 00, 00, 00, 45, 00,
FC, 00, 00, 00, 4D, 8E, 00, 00,
00, 00, C5, 00, 00, 32, 30, 00,
00, 00, 00, 00, 00, 00, 00, AF,
00, 00, 00, 00, 00, 00, 00, 00,
00, 00, 00, DA, 00, 40, 00, 00,
00, 00, 00, 00, 00, 00, 00, 00,
00, 00, 00, 00, 00, 00, 00, 00,
00, 00, 00, 00, 00, 02, 00, BB,
00, 00, 00, 00, 00, 00, 00, 00,
93, F8, 00, 00, 5A, C6, 00, 00,
30, 00, 00, 00, 00, 00, 03, 00,
00, 00, 00, 0B, 00, AC, 00, 00,
00, 00, 00, 00, 00, 00, 00, 00,
00, 00, 00, 00, 00, 00, 71, 00,
00, 00, 00, 00, 00, 00, 00, 00,
00, 00, EF, 03, 00, 00, C5, D4,
00, 00, 16, 0F, 00, 8A, 00, DD,
00, 00, 00, 00, 00, 00, 09, 00,
00, 00, 00, 00, 00, 43, 00, 48,
FB, 00, 00, 00, 00, 52, 00, 00,
00, 00, 8A, 00, F4, 08, 00, FE,
00, 50, 01, 00, 00, 00, 00, 00,
00, 00, 00, 00, 82, 00, 00, 00,
00, 00, 00, 00, 00, 00, 4A, 00,
00, 00, 00, 74, 00, 00, BD, 1E,
00, 00, 00, C6, 00, 82, C7, 00,
00, 00, 64, 9E, 4A, 00, 00, 0D,
00, 00, 00, 00, 00, 00, 00, 00,
00, 71, 00, 3E, F5, 00, 00, F8,
5A, EE, 00, 00, 00, AB, C8, 00,
00, 00, 7F, 00, 00, 00, 00, 00,
00, 00, 00, 45, 00, 35, 00, 00,
00, 00, 00, 60, 00, 00, 00, 00,
00, 00, 00, 00, 84, 00, 00, 55,
00, 00, 00, 00, 00, 00, 00, C2,
BB, 98, 00, 00, 00, 2F, 00, 00,
E7, 00, 00, 00, 00, 00, 00, F2,
00, 00, 2D, 00, 00, B0, 00, 00,
8D, 00, 00, 00, 00, 00, 50, 79,
00, 00, 00, 00, 00, 00, 00, 00,
00, EE, 00, 00, 00, 00, 4F, 00,
7A, 00, 00, 00, 00, 00, 00, 00,
00, FA, 00, 41, 62, 00, 00, 00,
F4, 00, 00, 00, 00, AA, 00, 00,
00, 00, 26, 90, 00, 00, 00, 00,
00, 00, CD, 00, 00, A3, 00, 00,
94, 00, 22, 00, 00, 00, 00, 00,
00, 26, 00, 00, DA, 00, 00, 22,
3B, 00, 00, 00, 8E, 00, 00, 00,
00, 00, 00, B4, 2E, 00, 00, 00,
00, 00, 00, 00, D2, 00, 00, 00,
00, 00, 00, 00, 2E, 79, 00, 96,
00, 00, 00, 0B, 30, 00, 00, 00,
B4, F4, 00, 00, 00, 00, 00, 00,
00, 00, 00, 00, 00, 00, 00, 00,
00, 00, 00, 00, 00, 00, 00, 00,
00, 00, 00, B1, 00, 00, 0C, 00,
00, A9, 00, 00, 00, 00, 00, 00,
00, 00, 00, 9B, E1, 00, 00, 00,
00, 00, 00, 00, 4E, 00, F2, 49,
00, 00, 00, 42, 00, 00, 00, 0B,
00, 00, 00, 00, 82, 00, 00, 00,
00, 00, 49, 00, 00, 00, 00, 00,
00, 00, 00, 00, 00, 00, 00, 00,
00, 00, 00, 35, 00, 00, 00, 00,
00, 00, 00, 00, 00, 00, 4E, 00,
00, 00, 00, 1B, 00, 00, 00, 00,
00, 00, 00, 00, 00, 00, 00, 00,
00, B2, 00, 00, D9, 00, 00, 00,
00, 00, 00, 00, 4E, 00, 00, 00,
00, 00, 00, 8B, 00, 00, 00, 00,
00, 00, 00, 00, 58, 00, 00, 00,
00, 2E, 00, 00, 65, C1, 00, AB,
00, D2, 00, 00, 00, 00, 00, 77,
00, EA, 00, 00, 4B, 00, 00, 00,
5A, 00, 00, A2, E4, 00, 00, 00,
00, 00, B6, 00, 00, 00, 00, 00,
00, 0A, 00, 00, 1A, 00, 00, 00,
21, F8, 00, C0, 00, 00, 63, 00,
5B, BF, 00, 00, 00, C2, 00, 00,
00, 00, 00, 48, 00, 00, 00, D0,
00, 00, C4, 00, 00, 00, 4D, 00,
00, 00, 00, 00, 0C, 00, 00, 00,
36, 00, 00, 00, 00, 00, 00, 00,
00, 72, 00, 00, 00, 8B, 97, 00,
00, 00, 00, 00, 00, 00, 00, 00,
00, 00, F5, 00, 00, 00, 00, 00,
61, 00, 00, 00, 00, 00, 8F, 00,
00, 00, 00, 00, 00, 00, 48, 00,
00, 00, 5F, 00, 00, C3, 00, 4B,
00, 00, 00, 00, 00, 00, 00, F9,
00, 00, 00, 00, 00, 1A, 00, 00,
00, 00, 00, 00, 00, 00, 00, 00,
2F, B3, 00, 00, 00, 00, 00, 00,
00, 00, 00, 00, 00, 42, 00, 00,
00, 98, 00, 00, 00, 00, B7, 4D,
00, 00, 00, 00, 00, A6, 00, 00,
00, 00, E5, 00, 00, 00, 00, 00,
00, 00, 00, 00, 00, 00, 00, 00,
00, 6C, 00, 00, 00, 55, 00, 00,
00, 00, 00, B7, 00, 00, 00, 00,
00, 00, 00, 31, 00, 00, 00, 00,
00, 6E, 00, 00, 00, 00, 8B, 00,
00, E6, 00, 00, 00, 00, 00, 00,
39, 00, 00, 00, 1B, 00, F5, 00,
00, 00, 07, 00, 00, 00, 00, A0,
90, 00, 00, 00, 00, 00, 00, 00,
00, 00, 33, 00, C7, EA, 00, 33,
44, EB, 00, 00, 00, 00, 00, 00,
00, 00, 00, 00, 00, 00, 00, 00,
00, 00, 00, 00, DA, 00, 00, 00,
00, 00, 00, 00, 00, 00, 00, 00,
00, 00, 00, A3, 00, 3C, 00, 00,
00, 00, 00, 00, 26, 00, 00, 00,
00, BC, 00, EB, 00, 7A, 00, 00,
00, 00, 00, 00, 00, 00, AC, 2C,
00, 00, 00, 00, 00, 00, 00, 7A,
00, 00, 00, DE, B7, 43, 00, 77,
00, 00, 00, 00, 00, 00, 00, 00,
00, 00, 16, 82, 00, 00, 00, 00,
00, 00, 00, 00, 00, 00, 00, 00,
00, 00, 00, 00, 00, A3, 00, 00,
00, 00, 00, 00, 00, 43, 00, BC,
00, 00, 00, 00, 00, 00, 17, 96,
BE, 00, E1, 00, 00, 24, 00, 00,
3D, 6C, 00, 00, 00, 00, 00, 00,
00, 00, 00, 00, 00, 00, 00, 00,
00, 00, 00, 00, 61, 6E, 00, 00,
00, 00, 00, 00, 00, 00, 00, 00,
00, 00, 59, 00, 00, 00, 00, 00,
EB, 00, 00, 2B, D4, 00, 00, 00,
89, 00, E8, 00, 00, 00, 00, 00,
60, 00, 00, 00, 00, 00, D0, 0B,
00, 00, 00, 00, 00, CF, 00, 1D,
00, 00, 00, 00, 00, 00, 00, 00,
78, 00, 00, 00, 00, 00, 00, 00,
00, 00, 23, 00, 00, 00, 00, 00,
56, 00, 00, 00, 00, 00, 00, 00,
00, 00, 00, 00, 38, 00, 00, 00,
00, 00, D8, 00, 00, A3, 00, 00,
00, 00, 00, 00, 00, 00, 00, 29,
00, 00, 00, 00, 00, 00, 00, 00,
B4, 00, 00, 00, 71, 00, 00, 00,
00, 00, 00, 65, 00, 00, 00, 00,
D6, 00, 00, 00, 66, 00, 00, F2,
1F, 00, 00, 00, 00, 00, 00, FC,
00, 00, 00, 00, 00, 00, 00, 00,
00, EF, BF, 00, 00, 93, 00, 00,
00, 73, 00, FF, 00, 00, 00, 00,
00, B2, 00, 00, 00, 00, 00, 00,
00, 00, 00, F6, 00, 27, 00, 00,
00, 50, 00, 00, 00, E1, 00, 00,
00, 00, 00, 8C, 00, 00, 00, 00,
00, 00, 00, 00, 00, 00, 00, 00,
2B, 00, 00, 00, 4A, 00, 00, 81,
00, 00, DB, 00, 00, 00, 98, E3,
00, 00, EA, 00, 00, 00, 00, 8F,
00, 00, 00, 00, 00, 00, 00, 00,
00, 00, 00, 00, 00, 00, B6, 00,
00, 00, 00, 00, 00, 00, 9A, 00,
00, 3D, 00, 00, 00, 00, 00, 00,
00, 00, 00, 00, 50, 77, 00, EC,
00, 00, 72, 84, 00, 00, 00, 00,
00, 00, 00, 00, 00, 00, 00, C5,
00, 00, 00, 00, 00, 00, 00, 00,
EA, 00, 64, 00, 00, 00, 00, 00,
00, 00, 00, 00, 08, 00, 4F, 00,
00, 00, 00, 00, 00, 00, 00, 00,
00, 00, 22, 00, 00, 00, 00, 00,
00, 00, 00, 00, 00, 00, 00, 9E,
00, 00, 00, 00, 00, 00, 00, 00,
00, 00, 00, CA, 00, 00, 00, 00,
00, 00, 00, 00, 00, 00, 00, 00,
00, AB, 00, 00, 00, B8, 00, C7,
20, 00, 00, 00, 00, 00, 00, 00,
00, 00, 00, D6, 00, 00, 54, 00,
00, 00, 00, 26, 00, 00, 00, 00,
00, 00, 00, 36, 00, FC, 00, A7,
00, 00, 00, 00, 3A, 2F, 00, 46,
00, 00, 00, A5, 00, FC, 00, 00,
00, 00, 00, 00, 00, 00, 00, 00,
00, 00, 00, 00, 00, 00, 00, 66,
00, 00, 00, 44, 00, 00, 00, 00,
00, 00, 00, 00, 00, F6, 33, 00,
71, 00, 00, 00, 00, 00, 1C, 00,
00, 00, 00, 00, 00, 00, 00, 00,
4E, 21, 47, 00, 00, 17, 00, AA,
00, 00, 00, 00, 00, 00, 00, 00,
00, 00, 00, 00, 87, 00, 00, 00,
00, 00, 00, 0A, 00, 00, 00, 00,
F1, E9, CE, 00, 00, 7C, 00, E6,
00, 00, 2C, 00, 00, 00, 00, 00,
00, 00, 00, 00, 00, 00, CE, 00,
00, 00, 00, 9C, B0, 18, 00, 33,
00, 00, 00, 00, 00, E4, 00, 00,
00, 8E, 00, 00, EE, 00, 6A, 3A,
00, D4, 00, 00, 00, 8D, 00, 00,
00, 00, 00, 00, 00, B6, 00, 00,
00, 00, 00, B4, 00, 00, 00, 00,
00, 00, 00, 00, 00, 00, 00, 00,
27, 00, 00, 00, 00, B6, 5F, 00,
00, 6F, 00, 29, 00, 00, A4, 00,
00, 00, 00, 00, 00, 00, 00, 00,
00, 00, 05, 00, 00, 49, 41, 00,
00, 00, 00, 00, 00, 00, 00, B4,
00, 00, 00, 89, 40, 00, 00, 00,
00, 00, 45, 00, 00, 85, 00, 6B,
00, 00, 76, 00, 00, 00, 00, 00,
00, 00, 58, 00, 00, 4C, 00, 00,
00, 00, 00, 00, 00, 00, 00, 00,
B3, A5, 00, 00, 00, 00, 00, 00,
00, 00, 00, 00, 00, 00, 00, 00,
7D, 00, 00, 00, 00, E9, 15, 00,
00, 00, B9, 60, 00, 00, 00, 00,
00, 2E, 00, 00, 00, 00, FD, F5,
00, 00, 00, D6, 00, 00, 00, 00,
00, 00, 00, 00, EF, 00, AA, 00,
94, 00, 00, 00, 00, 00, 9D, 00,
00, 00, 00, 00, 00, 00, 00, 00,
4C, 00, 00, A5, 00, 1C, 00, 6C,
00, 00, 00, 00, 25, 00, 00, FA,
00, C3, F0, 00, 00, 00, 00, 00,
9D, 66, 00, 00, 00, 00, 00, 00,
00, 00, 4F, 00, 00, 00, 00, 00,
00, 00, EA, 2A, 00, C7, 00, B2,
00, 00, 00, 00, 00, 00, 00, 63,
00, 00, 00, 00, 00, 00, 00, 00,
00, 00, 00, 00, 00, 00, 00, 00,
00, 00, F7, 00, 00, 00, 00, 00,
00, 00, 00, 00, 00, 00, 99, 00,
00, 00, 00, FA, 00, 00, 00, 00,
00, ED, 00, 00, 00, 00, 00, 00,
00, 00, 8C, 00, 00, 00, 00, 00,
00, 00, 00, 0A, 00, 00, 00, 00,
00, 00, E0, 00, 00, 00, 00, 00,
33, 00, 00, 00, 00, 00, 00, 72,
00, 00, 00, 00, 00, E2, 00, 00,
69, 00, 00, 7C, 19, 00, 00, 00,
C3, 00, 00, 00, 00, 38, 00, 00,
00, 00, 00, 00, 00, 00, 00, 00,
00, 78, EE, 00, 00, B1, 4A, 00,
00, 00, FD, 00, 00, 00, 00, 00,
00, 00, 00, 87, 00, AF, 00, 00,
00, 00, 00, 00, 00, 00, D1, 00,
00, 64, 00, 00, 00, 9C, 00, 00,
00, 00, EB, 00, 31, 00, 00, 00,
00, 00, 3E, 00, 00, 00, 00, 00,
5E, 00, 00, 00, 00, 00, 00, 00,
00, 00, 12, 00, 00, 00, C8, 00,
00, 00, 00, 00, C0, 86, 5A, 9F,
00, 00, 00, 00, 00, 00, 00, 00,
00, 00, 00, 00, 00, 00, 00, 00,
00, 00, 00, 00, 32, AA, 00, D6,
00, 00, 00, 00, 00, 00, 00, 00,
00, 00, 66, 00, 00, 00, 00, 3E,
00, 6C, B1, 00, 00, 00, 00, 00,
00, 00, 00, 5D, 00, 00, 00, 00,
00, 00, 1D, 00, 00, F1, 00, 24,
00, 00, 00, 00, 00, 00, 00, 00,
00, 00, 00, F1, 00, 00, 00, C9,
00, 8B, 00, 00, 00, 00, 00, 48,
00, 00, 00, 00, C0, 00, 00, FC,
00, 00, 00, 4E, 00, F0, 00, 00,
00, 31, 00, 00, 00, 16, EE, 00,
0B, 00, 00, 00, 00, 00, 00, 00,
00, 96, 00, 00, 00, 00, 00, 00,
00, 00, 00, 00, 88, 48, 00, 00,
00, 00, 00, 00, 00, 00, 00, 00,
00, 00, 00, E0, 00, 00, 00, 00,
00, 00, 00, 00, 00, 00, 00, 00,
00, 00, 00, 00, 98, 00, E3, 00,
00, 00, 00, 00, 00, 00, 36, 00,
00, 00, 00, AE, 00, 00, 00, E4,
00, 00, 00, 00, 6C, 00, 00, 00,
00, 00, 00, 00, D7, 00, 00, 00,
00, 00, 00, 74, 00, 00, 00, 00,
00, 00, 00, 00, 00, 00, 49, 00,
00, 00, 00, 00, 00, 00, 00, 00,
EF, 00, 00, 00, 00, 00, F8, 00,
00, 00, D5, 00, C7, 00, 00, 00,
00, 00, 00, 00, 4D, 00, 00, 00,
00, 7E, 00, 00, 00, 00, 00, 00,
00, 00, 00, 00, 00, 00, 00, 00,
00, 00, 00, 00, 00, 00, 00, 0A,
00, 00, 00, 00, A3, 00, 00, 00,
00, 00, 00, 00, 00, 00, 00, 00,
00, 00, 00, 00, 00, 00, 9E, 00,
00, 00, 00, 00, 00, 00, 00, 00,
00, 00, EF, 00, 00, C9, 00, 00,
31, 00, 00, 00, C8, 00, 00, 25,
00, 00, 00, 67, 00, F5, 13, 00,
00, 00, 00, 00, 00, 00, 00, 00,
D5, 00, 00, 00, 00, 00, 00, 00,
00, 00, 00, 00, 00, 00, 00, 00,
00, 41, 00, E4, 00, 00, 7E, 00,
00, 00, 00, 00, 09, 00, 70, 46,
00, 00, 00, 2B, 00, 00, 00, 00,
38, 00, 00, 00, 00, 00, 00, 00,
00, 00, 00, 00, 00, 00, 00, 00,
2A, 00, 00, 89, 00, 00, 00, 00,
00, 54, 00, 00, 00, 00, 00, 00,
00, 00, 00, 00, E5, 00, 00, 00,
35, 00, 07, 8E, 00, 00, 00, 00,
00, 00, 00, 00, 00, 00, 00, 00,
00, 00, 97, 00, 00, 00, 7C, 00,
E4, 92, 00, 00, 00, 00, 00, 00,
00, 00, 00, 00, 00, 00, 00, 00,
00, 00, 00, 00, 00, 00, 00, 00,
00, 00, 00, 00, 08, 00, 00, 00,
00, 5F, 00, 00, 00, 00, 00, 00,
00, 00, AA, 00, 00, 00, 00, 00,
00, 00, 00, 6E, 00, D5, 00, 00,
00, 00, 00, 00, 00, D6, 1F, 00,
00, 00, 00, C6, 00, 00, 00, 00,
00, 92, 00, 00, 00, 00, 00, 00,
00, 00, 00, 00, 7B, 00, 00, 00,
00, 00, 00, 87, 7F, 00, 00, 00,
00, 00, 00, 00, 00, 00, A0, 00,
02, A9, AA, 00, 00, 00, 00, 00,
00, 00, 00, 00, 72, 00, 00, 00,
00, 00, 84, 00, 4E, 00, 00, 00,
00, 00, 00, 8A, 00, 00, 14, 65,
00, 00, B4, 00, 00, 00, 00, 61,
00, 00, 00, 1E, 00, 00, 00, 00,
00, D6, 00, 00, 45, 00, 00, 00,
00, 00, 44, 00, 00, 00, 00, 00,
00, 00, 00, 00, 03, 00, 00, AA,
00, 00, 00, 00, 81, 00, 00, 00,
00, 00, 00, 00, 00, 00, 00, 00,
00, 00, 00, 00, 50, 00, 00, 00,
00, 00, 00, 00, 63, 00, 00, 00,
00, 00, 00, 00, 00, 32, 5A, 00,
00, 00, 00, 00, 00, 00, 00, AC,
00, 00, 00, 00, 00, 00, 00, 00,
00, 6E, 00, F8, 00, 00, 00, 00,
A5, F9, 00, 00, 00, 00, 00, F4,
00, 00, 00, 00, 00, 73, 00, 00,
00, 00, 00, 00, 00, 00, 00, 00,
4C, 00, 00, 00, 75, 00, 00, 00,
F4, 18, 00, 00, 00, 00, 00, 00,
00, 00, E7, 00, 00, 00, 2F, 00,
4C, 00, 77, 00, DD, 00, 00, 00,
00, 00, 00, 00, 00, 00, 00, 00,
00, 00, D6, 00, 00, 00, 6C, 7A,
00, 00, 00, 00, 00, 00, 9F, 00,
00, 00, 00, 00, 00, 00, C2, 00,
00, 00, 14, BA, 00, 00, 00, A0,
00, 00, 00, 00, 00, 00, 00, 00,
0B, 00, 00, 47, 00, 00, 00, 2F,
00, 00, 00, 00, 00, 00, 00, 00,
00, 00, 00, 00, 00, 00, BD, 00,
00, 00, 00, 00, 00, A2, 00, 00,
00, 81, CD, 00, D2, 63, 00, 00,
00, 00, 00, 1C, 00, AB, 00, 00,
00, 00, B0, 00, 00, 00, D2, 73,
00, 00, 9F, 05, 50, 36, 00, 00,
00, 00, 00, 00, 00, 00, 9E, 00,
00, 00, 00, 00, 00, A1, 00, 00,
00, 00, 00, 64, 00, 00, 00, E1,
00, 00, 00, 00, 00, 00, 00, 00,
00, 00, 00, 00, 00, 00, 8F, 00,
00, 00, 00, 00, 00, 00, 00, 2A,
00, 00, 00, 00, 00, 6F, 00, 38,
00, 00, BA, 00, 00, 00, 00, 00,
00, 00, 00, 00, 9C, 00, 00, 00,
00, 00, 00, 00, 9B, 00, 00, 00,
00, 00, 00, 00, 8E, 00, 00, 97,
00, 00, 00, 00, 00, 00, 00, 00,
00, 00, 05, 16, 00, 00, 00, 00,
00, 1E, 32, 00, 00, A2, 00, 00,
00, 90, 00, 94, D4, 00, 29, 00,
00, 00, 00, 5D, 00, 00, 14, 00,
00, 00, 00, 00, 00, 00, 00, 00,
00, 00, 00, 00, 00, 00, 00, 00,
B1, 00, 00, 00, 00, 00, 00, 00,
00, 00, 00, 00, 00, 65, 00, 0E,
00, 64, 00, 00, 00, 00, 00, 63,
00, 00, 00, 35, 00, 7D, 00, 00,
00, 00, 00, 00, 00, 3F, 00, 00,
00, 00, 00, 00, 00, F7, E5, 00,
DD, 00, 00, 00, 00, 00, 00, 3E,
00, 00, 00, 00, AD, 00, 00, 00,
46, 00, 00, 00, 00, 00, FD, 00,
00, 00, 00, 00, 70, A3, 00, 00,
00, 00, 00, 00, 00, 00, 00, 00,
00, 00, 5C, 00, 25, 00, 00, 17,
00, 00, 00, 00, 00, 00, 00, 09,
85, 00, 00, 12, E8, F4, 00, 00,
00, 4B, 00, 00, 00, 36, 00, 00,
00, 71, 36, 00, 00, 00, 00, 00,
00, 56, B5, 00, B5, 00, 00, 00,
C6, 00, F6, 00, 63, 00, 00, 00,
00, 00, 00, 00, 00, 00, 00, 00,
00, 00, 00, 00, 00, CE, 00, 00,
00, 00, 70, 00, 00, 00, 00, 00,
00, 00, 8A, CB, 00, 78, 00, 00,
00, 00, 00, 00, 00, 00, 00, 00,
00, 00, 0C, 00, 00, 00, 00, 00,
00, 00, B5, FA, 00, 00, C4, 00,
93, 00, 00, 00, 00, 00, 00, 88,
62, 00, 00, 00, 8F, 00, CC, 00,
00, BC, 00, 00, 00, 00, 00, 00,
62, 00, 00, 00, EE, B5, 00, 00,
00, 00, 00, 00, 00, 00, 00, 00,
B3, 00, 00, 00, 00, 00, 40, F7,
63, 00, 72, C6, 00, 00, 00, 00,
00, 00, 00, 00, 00, 06, 00, 00,
00, 00, 00, 00, 00, 31, 00, 00,
00, 00, 00, 00, 00, 00, 00, 00,
00, 00, 00, 00, 00, C9, 00, 00,
00, 00, 74, 00, 00, 9B, 00, 00,
00, 00, 00, 00, 00, 00, 00, 00,
EA, 4F, 00, 00, 00, 00, 00, 00,
2F, 88, 00, D3, 00, 00, 00, 95,
00, A6, 00, 00, 08, 00, 00, 00,
00, 00, 00, 00, 00, 00, 74, 00,
00, 00, 00, 00, 00, 00, 00, 00,
00, 00, 00, 94, 00, 8E, 00, 73,
00, A3, 00, 00, 03, 00, 00, 00,
00, 00, 61, 00, 00, 00, 23, 00,
00, 00, 00, 00, 00, 00, 00, 00,
00, 46, 00, 55, 00, 00, 00, 00,
00, EA, 00, 00, CD, 00, 00, 00,
00, B8, 00, 00, 9E, 6F, 00, 00,
00, 00, 00, 00, 00, 20, 1D, 3A,
00, A7, 31, 00, 00, 00, 9B, 00,
00, 00, 00, BB, 02, 00, 00, 00,
00, 81, E3, 00, 00, 00, 00, 00,
17, 00, 00, 00, 00, 00, 00, 00,
00, 00, 00, 99, 00, 00, 00, 00,
00, 00, 00, 00, 5E, 00, 00, 00,
00, 72, 00, 00, EB, 00, 00, 00,
00, 00, 00, 00, 00, 00, 00, D0,
00, 00, 00, 00, 00, 00, 06, 00,
00, 00, 00, F5, 00, 00, 00, 00,
DD, 00, 1C, 24, 00, 00, 00, 69,
00, 00, CC, 00, D0, 00, 00, 00,
D0, DF, 00, 00, 00, 00, E2, 00,
71, 00, 00, 00, 4B, 00, 00, 00,
00, 00, FD, 00, 00, 00, 00, 00,
00, 00, 66, 00, 93, 00, 00, 00,
00, 00, 00, 00, 44, 00, 00, 32,
00, 00, 2E, 00, 52, 00, 00, E7,
00, 00, 32, DD, 00, 00, 00, 00,
00, 00, 00, 00, 00, 00, 46, 00,
00, 00, 86, 00, 7B, 00, 00, 93,
00, B3, 00, 10, 56, 8B, 00, 73,
00, 00, 00, 00, 00, 00, 00, 00,
78, 00, 36, 00, 00, 00, 00, 00,
00, 00, 1F, 00, 84, 00, 00, 00,
00, AC, 00, 3F, 00, 00, 00, 29,
00, 00, 00, 9F, 00, 00, 00, 00,
00, 00, 00, 00, 00, 00, 00, 00,
00, 00, 00, 00, 00, 00, 00, 00,
00, 00, 00, 00, 00, 00, 00, 00,
00, 00, 00, 00, 00, 00, AE, 00,
00, 5B, 00, 00, 00, 00, 00, 00,
00, 00, 00, 00, 00, 00, 00, 00,
00, 00, 00, 00, 00, 8A, 71, 00,
00, 00, 00, 00, 00, 00, 00, 00,
75, 00, 00, 17, 00, 00, 00, 9B,
00, 00, 00, 68, 00, 00, 00, 00,
00, 00, 00, 00, 00, 00, 00, 00,
00, 22, 00, 00, 00, 00, 89, 00,
00, DF, 00, 78, 00, 00, 33, 00,
0F, 00, DC, 77, 00, 00, 00, 00,
00, 00, 00, 00, 00, 00, 00, F6,
C3, 00, 00, 00, 00, D7, 00, 00,
96, 00, 00, 00, 79, 00, C7, BE,
00, 00, 00, 85, 00, 00, 00, 00,
00, 00, 00, 00, 00, 00, 00, 00,
84, 00, 00, 00, 60, 3E, 00, 40,
51, 00, 00, 4D, 00, 00, 00, 00,
00, 00, 00, 00, 00, 00, 00, BA,
FF, 19, 00, 00, 00, 00, 42, 00,
00, 00, FC, 7B, 00, 00, E5, 00,
00, 36, 00, 40, 00, 00, A6, 00,
00, 38, 00, 00, 39, 00, 00, 00,
00, 5C, 00, CD, 00, D7, DD, 00,
00, 00, 00, 00, 00, 00, 00, 00,
00, 00, 00, 00, 00, 00, 00, 8C,
00, 2F, CC, 00, 10, 0B, 00, 6B,
00, 00, 00, 00, 00, D2, 00, 00,
00, 00, 00, 00, 00, 00, 00, 00,
00, B1, 00, 00, 00, 29, 00, 52,
7D, 00, 00, 00, 00, 00, 00, 2B,
C1, 00, 00, 00, 00, 00, 00, 30,
03, 00, 00, 00, 00, 00, 00, 00,
00, 00, 00, 00, 00, 00, 00, 00,
00, 00, 00, 00, 09, B3, 00, 0A,
00, 00, 00, C0, 00, 00, 00, 00,
D4, 00, 00, 22, 72, 1E, 00, 00,
00, 00, 00, 00, 00, 00, 00, 00,
00, BE, 00, 00, 00, 00, 00, 00,
00, 00, 00, 00, 00, 00, 00, 00,
00, 00, 00, 00, 00, 00, 00, F6,
00, 00, 00, 00, 00, 00, 00, 00,
00, 00, 00, 00, 00, 57, 00, 00,
00, 00, 00, 00, 4C, 00, 00, 00,
00, 00, 00, 00, 00, 00, 00, A6,
00, 00, 00, 00, CE, 62, CF, 00,
01, 00, 00, 00, 39, 00, 00, 00,
00, 6D, 45, 00, 00, 4E, 00, 11,
00, 7F, 00, 00, 00, F6, 00, 00,
80, 00, 00, 26, 00, 00, D5, 00,
00, 00, 49, 00, 00, 00, C9, 00,
5D, 00, 00, 00, 00, 00, 00, 00,
B2, 00, 00, 00, 00, 8E, 00, 00,
00, 00, 00, 00, 00, 00, 00, 00,
00, 00, 00, 00, 00, 00, 00, 00,
00, 00, 00, 00, 00, 00, 00, 00,
00, 00, 00, 00, 02, 00, E7, 00,
98, 00, 00, 00, 00, 00, 00, 00,
00, 00, 32, 48, 00, 00, E8, 00,
87, 00, 00, 00, 00, 00, 39, 00,
FE, 00, 00, 14, 00, 80, 00, 00,
00, 00, 00, 00, 00, 00, BD, 00,
00, 00, 00, 00, 00, 00, 00, 3F,
00, 00, 00, 00, 00, 00, 73, 00,
00, 6E, 00, 00, 00, A0, E4, 00,
00, 00, B9, 00, 00, 00, 00, 00,
00, 00, 00, 63, 00, 00, 00, 00,
00, 00, 00, 00, 00, 00, 00, 00,
F2, 00, 00, 00, 00, 00, 00, 00,
00, 00, 1A, 00, 00, 00, 00, 00,
00, 00, 00, 00, 00, 00, 00, 00,
00, 00, 37, 00, 00, 00, 00, 00,
00, 00, 00, 00, 00, 00, 00, 00,
00, 2F, 00, 00, 00, 00, 00, 00,
3C, 00, 00, 00, 00, 1B, D1, 00,
00, 00, 00, 00, 00, 00, 00, 00,
00, 00, 00, 00, 00, 00, BC, 00,
00, 00, 00, 00, 00, 00, 00, 00,
00, 00, 00, 00, 00, 00, 00, 00,
00, 00, 72, 00, DC, 00, 00, 00,
00, 00, 00, 5F, 00, 00, 00, 00,
00, 00, 00, 00, F6, 6F, 00, 00,
AF, 00, 00, 00, 00, 00, 00, 00,
00, 00, 00, 00, 00, 00, 00, 00,
16, 00, 00, E5, 12, 00, 00, 00,
00, 00, DF, 00, 00, 4A, A1, 00,
00, 00, B4, 00, 00, 00, 8B, 00,
00, 00, 00, 24, 00, 6E, 00, 00,
DB, 36, 00, 00, 00, 00, 00, 00,
00, 00, 00, 00, 00, 00, 00, 00,
00, D9, 00, 75, 00, 00, 00, C1,
60, 00, 00, 00, 00, 00, FB, 00,
00, 00, 00, 00, 00, 00, 00, 00,
00, 0E, 00, 00, 00, 00, 00, 00,
00, 00, 00, B6, 00, 00, 00, 00,
61, 00, 00, 06, 00, 00, 00, 00,
C4, 00, 00, 00, 02, C7, 4B, 00,
00, 00, 85, 00, 00, 00, 00, 8E,
00, 00, 00, 19, 00, 00, B8, 00,
00, 00, 00, 00, 56, A6, 1A, 00,
00, 00, 00, AB, 00, 00, 00, 00,
00, 00, 00, 00, 00, 00, 00, 00,
00, 26, 00, 00, 00, 00, 00, 00,
00, FD, 00, 4C, 00, 0F, 00, 00,
00, 00, 00, 00, 00, 00, 00, 00,
00, 00, 48, 00, 00, 00, 5E, 00,
00, 00, 00, 3A, 00, 00, 00, 00,
00, 00, 00, 00, 00, 00, 00, 00,
00, 00, EA, 00, 2A, 00, 00, 00,
00, 00, 00, 00, 00, 00, 00, 00,
00, F5, 2A, 00, 00, 00, 00, 00,
00, 00, 9B, 00, 00, 00, 00, 79,
00, 00, 00, 00, 00, 40, 00, B8,
00, 00, 00, 00, 00, 00, 00, 59,
68, 24, 00, 00, 00, 00, 00, 00,
92, F7, 23, 31, 00, 00, 00, 00,
00, 00, 00, 00, 00, 00, C8, 00,
00, 00, 00, 00, 00, 00, 00, 00,
00, 00, 00, 00, 00, 00, C3, 00,
4E, AE, 00, 00, 00, D0, 00, 00,
00, 00, 00, 00, 00, 00, D1, AB,
00, 00, 00, 00, 4C, 00, 00, 8E,
00, 00, 00, 00, 05, 00, 00, 00,
00, 00, 00, 00, 00, 00, 00, 00,
00, 00, 00, 00, C6, 09, 00, 0D,
D7, 00, 00, 00, 76, 00, 00, 3A,
00, 00, 00, 00, 00, 00, F9, 00,
00, 00, 00, 00, 00, 00, 00, 00,
00, 00, 26, 00, 00, 03, 00, 00,
00, 00, 00, 00, 00, 00, 00, 00,
00, 9C, 59, 00, 0B, 00, 00, 77,
00, 00, 50, 00, 86, 00, 00, 00,
92, 00, DF, 00, 00, 00, 00, 00,
00, 7C, B4, 00, 36, 00, 86, 87,
96, 00, 00, 00, 00, 00, 00, 00,
00, 00, 00, 00, 00, 00, 00, 00,
53, 00, 00, 00, 00, 87, 00, 00,
00, 00, 00, 00, B3, 00, 00, 00,
C0, CB, 00, 00, 00, 00, 12, 00,
00, 00, D0, 00, B9, 00, 00, 00,
00, 00, F8, 1E, 00, 00, 00, 00,
00, EC, 00, 00, 00, 00, D1, 00,
00, 00, 00, 00, 00, 85, 00, 00,
00, 00, 00, 41, 00, 58, 00, 00,
00, 00, 00, 00, FD, D1, 00, 00,
00, 00, 00, 00, AF, 00, 00, 00,
AC, 00, 00, 7D, 00, 00, 00, 00,
62, 00, 00, 00, 00, 00, 00, 00,
00, 00, 00, 00, 00, 7B, 00, 07,
E0, 00, 00, 00, 00, EF, 00, 9C,
BA, 00, 00, 00, 00, 00, 00, 00,
62, 00, 00, 00, 00, 00, 00, 19,
76, 00, 00, 00, 9E, 00, 41, 00,
00, 00, 00, 00, 00, B1, 00, 00,
00, 00, 00, 00, 00, 00, 00, 00,
8A, 00, 7E, 00, 00, 1A, 00, 00,
00, 00, 00, 00, 00, 00, 00, 00,
00, 5A, 00, 00, F2, 15, 00, 00,
00, 00, 00, 00, 00, 00, F4, 00,
00, 00, 92, 00, 6D, 00, 00, 00,
00, 00, 49, D1, A4, 00, 00, D5,
00, 00, 00, 00, 00, 9B, 00, 00,
00, 00, F7, 00, 00, 00, 00, 68,
00, 00, 00, 00, 00, 00, 00, 6E,
33, 00, 00, 00, 00, 00, 1E, 00,
00, 00, 00, 00, 00, 00, 00, 00,
00, 00, 00, 00, 00, 00, 00, 00,
00, 00, 00, 6A, 00, 00, 00, 00,
22, 00, 00, C7, 00, 81, 8E, 00,
00, 89, 00, 00, 00, 00, 00, 00,
00, 00, 00, 00, 00, 00, 00, 00,
76, F3, 00, 00, 00, 00, 00, 00,
00, 00, 00, 00, 00, 63, 00, 00,
00, 9D, 00, 00, 00, 00, 00, 00,
00, 00, 00, 00, 00, 00, 00, 3E,
00, 2B, 00, 00, 00, 00, 00, 00,
00, 00, 00, 00, CD, 00, 00, 00,
4A, 00, 00, 00, 00, 00, A3, 00,
00, F9, 00, 00, 19, 12, 00, 10,
00, 00, 16, 00, 00, 00, 00, 00,
00, 00, B4, 00, 00, 00, 00, 00,
9F, 00, 00, 00, 13, 00, 4A, 00,
00, 00, 00, 00, 00, 00, 00, 00,
00, 00, 00, 00, 00, 00, 27, 00,
00, 00, 00, 00, 00, 00, EB, 00,
61, 00, 00, B6, 3A, 00, 00, 00,
00, 00, 00, 00, 00, 00, 00, 00,
00, 86, 00, 93, 00, 00, 2B, 00,
00, 00, 00, 00, 6A, E5, 7D, 7A,
00, 9E, 00, 00, 00, 00, 00, 00,
48, 00, 00, 00, 00, 00, 00, 00,
C5, 00, 00, 00, 00, 00, 00, 00,
00, D1, 00, 00, 00, 00, 00, 00,
00, 00, 00, 00, 00, 00, 1F, 00,
00, 37, 5C, 00, E6, 00, 00, 9A,
00, 00, 00, 00, 00, 00, 00, 00,
00, 00, 00, 00, 00, 00, A0, 82,
00, 00, 00, 00, 8D, 34, 00, 00,
00, 00, 00, 00, 9A, 00, 00, 00,
00, 00, 4B, 00, 00, 8B, 00, 00,
00, 00, 00, 00, 80, 00, 00, ED,
00, 00, 00, 00, 00, CF, 00, 00,
B9, 00, 00, 00, 00, D1, 35, 00,
00, 00, 16, 00, F7, 00, 00, 41,
00, 00, 00, DF, 00, 00, 00, 00,
00, 68, 00, 00, 00, 00, 00, 00,
00, 00, 00, 00, DD, 33, 00, 00,
00, 00, 00, 00, 00, 00, 00, 00,
00, 00, 00, 00, 00, 00, AD, 00,
00, 00, 00, 00, 00, 00, 00, 00,
00, 00, 00, 00, 00, 00, 00, 00,
DC, 00, FD, 00, 0E, 00, 82, 00,
00, 00, 00, E3, 00, 00, 00, 00,
00, 00, 00, 00, E0, 00, 00, 00,
00, 00, 00, 00, 00, 00, 00, 00,
00, 00, 00, 00, 00, 00, 00, 00,
F2, 00, 00, 00, 00, 00, D0, 00,
00, 00, 19, 00, 00, 00, 00, 00,
00, 00, 00, 00, 00, 00, 00, 00,
CF, 03, 00, 00, 00, 00, 00, 00,
00, 00, 00, 5F, 8E, 05, 00, 00,
00, 00, 00, 00, 00, 00, 00, 55,
00, 00, 00, 75, 00, 2D, 00, 00,
00, 00, 00, 00, 18, 00, 00, 70,
00, 00, 00, 12, BD, 00, 00, 00,
00, 00, 00, 00, 00, CA, 00, 00,
00, 00, 00, 00, 00, 00, 00, 00,
00, 00, C4, 00, 00, 51, F9, 8D,
00, 00, 00, 00, 00, 00, 00, 00,
00, 00, 00, 00, 00, 00, 00, 00,
00, 00, 00, 55, 00, 00, 00, 00,
00, 15, 00, 00, AD, 00, 00, 6E,
8E, 9B, F2, 00, C0, 00, 00, 00,
B1, 00, 00, 00, 00, 14, 00, 53,
D8, 00, 00, 00, 00, 00, 94, 13,
00, 00, 00, CB, 00, 00, 00, 00,
00, 84, 00, 00, 00, 00, 00, 00,
38, 00, 00, 6E, 00, 00, 00, 00,
00, 00, 00, 00, 00, 00, E8, 00,
00, 00, 9C, 00, 00, 00, 00, 00,
9C, 00, 00, 00, 00, 00, 00, 00,
00, 00, 00, A6, 6C, 66, 00, 00,
00, 00, 00, 00, 00, 00, 99, 00,
00, 4D, 92, 00, 00, 00, 00, 00,
36, D2, 00, 00, 00, 00, 00, 00,
00, 00, 00, 00, 00, 00, 00, 00,
00, 3D, 00, 00, 00, 00, 00, 21,
00, 00, 00, 00, 00, 00, 16, 00,
00, 00, 00, 00, 00, 00, 00, 85,
00, 00, 00, 00, 8A, 00, 53, 00,
00, 15, 00, 00, 00, 00, 00, 00,
00, 46, 9D, 00, A4, 00, 00, 00,
00, F1, 00, B3, 00, 00, 00, 00,
2D, F0, 00, 00, 00, 00, 00, 00,
00, 00, 00, 00, 00, 00, 00, 00,
00, 00, 00, E7, 00, 00, 00, 00,
00, 00, 00, 00, 00, 00, 00, 00,
00, 00, 00, A3, 00, 00, 00, 00,
00, 00, 00, 00, 00, 00, 00, 00,
00, 00, 00, 00, 00, 00, 00, 00,
00, C4, 00, 00, 00, 00, 00, 00,
00, 00, 00, 00, D4, 08, 50, 00,
00, 00, 00, 00, DD, 00, 00, 00,
00, 00, 00, 00, 00, 00, 00, 00,
00, 00, 00, 00, 00, 00, 00, 00,
00, 00, 00, 00, C2, 00, 00, 00,
00, 00, 00, 00, 00, E5, 00, 00,
00, 00, 00, 00, 00, 00, 00, 00,
00, F0, 8C, 00, 9B, 14, 00, 00,
6C, EE, 00, 00, 00, 00, 00, 00,
00, 00, 00, BE, 00, 00, 00, 00,
45, 00, 0D, 00, F5, 00, 00, 00,
5B, 00, 00, 00, 00, 00, 00, 72,
40, 00, 00, 00, 00, 00, 00, 00,
00, 00, 00, 00, 00, AD, 00, 00,
03, CD, 00, 00, 00, 00, 00, B5,
00, 00, 1B, 35, 00, 00, 00, 00,
00, 00, 00, 00, 00, 00, 00, BC,
00, 00, 00, 4B, E7, 00, 00, 00,
00, 00, F9, 00, 00, 00, C8, 11,
77, 46, 00, 00, 00, 00, 00, 00,
00, 00, 00, 2E, 00, 00, 00, 00,
00, 00, 00, CF, 8F, 00, 00, 00,
00, 30, 00, 02, 00, 00, 00, 00,
00, 00, 97, 37, 00, 00, 0D, 00,
00, 00, CB, 00, 00, 00, A6, 7D,
00, 00, 00, 00, 00, 00, 00, 00,
00, 00, B9, 00, 00, 00, 00, 00,
00, 00, 00, 00, 19, 01, 00, D2,
00, 00, 00, 00, 00, 64, 80, 00,
00, 00, 00, 00, 00, 00, 00, 00,
75, 00, 00, 00, 00, 00, B8, 00,
00, 00, 00, 00, 00, 00, 00, 60,
00, 00, BD, 00, 26, 00, 00, 00,
00, 00, 00, 0F, 00, 00, 00, 00,
FE, D3, 00, 00, 75, CD, 00, 00,
00, 00, 00, 00, 00, 00, F2, 00,
94, 00, 00, 86, 50, 00, 00, 00,
D2, 00, 47, 85, 00, 91, 00, 00,
00, 00, 00, 00, 00, 00, 00, 00,
00, 00, 00, 00, 00, 00, 00, 58,
00, 00, 00, 00, 00, 00, B2, 00,
00, 00, 00, 00, FD, 2D, 00, 8B,
00, 00, 00, 00, 00, 00, 00, 00,
00, 00, 00, 08, 00, 03, 00, 00,
00, 00, 00, 00, 00, 00, 00, 00,
00, 00, 00, 00, 19, E5, 00, 00,
00, 00, 00, 00, 00, 00, 00, 00,
00, 7A, 60, 23, 00, 21, 00, 00,
00, 00, 00, 00, 00, 00, 00, 00,
00, 00, 00, 00, 00, 00, 00, 00,
00, 00, 00, 00, 00, 00, 00, 00,
00, E3, FA, 00, 00, 9D, 00, 00,
00, 00, 00, BA, 96, 00, 00, C9,
9F, 00, 00, 00, 00, 00, 00, 00,
00, 00, 00, 00, FB, 1A, 34, 00,
00, 00, 7A, 00, 00, 24, 00, 00,
00, 00, 52, 70, 00, 00, 6A, 00,
00, 00, 00, F9, 2C, 00, 00, 00,
02, 00, 00, 00, 00, 00, 42, 00,
00, 00, 00, 00, EB, 00, 00, 00,
00, 00, 00, 00, 00, BD, 00, 00,
00, 00, 00, BF, 00, 00, 52, 00,
00, 00, 00, 00, D6, 00, 0E, 00,
0D, 00, 00, 00, 00, F2, 00, C3,
00, 00, 00, 0D, 00, 00, 1B, 00,
00, 00, 00, 00, E8, 00, 00, 00,
00, 00, 90, F3, 00, 79, 00, 00,
40, C6, 00, 00, 00, B1, 00, 00,
00, 00, 16, 00, 00, 00, 00, 1F,
9A, 0B, 00, 00, 12, 00, 00, 44,
00, 00, 00, AD, 00, 00, C6, 00,
1C, 00, 0A, 00, 00, 00, 00, 00,
00, 00, 00, 00, 00, 00, A8, 00,
00, 00, 00, 34, 00, 5E, 00, 3F,
00, 0C, 06, 00, 00, 00, 70, 00,
00, 00, 00, 00, 53, 03, F9, A7,
41, 00, 00, 00, 00, 00, 00, 00,
00, 60, B5, 84, 00, 00, 00, 00,
00, 00, 00, 00, 00, 00, 00, 00,
00, 00, 00, 00, 00, 00, 00, 00,
00, 00, 00, 00, 00, 00, 00, 00,
00, 9F, 00, 00, 00, 00, 00, 00,
66, 00, 00, 00, 00, 00, 00, 00,
00, 7F, 00, 00, 00, 74, 00, 3E,
00, 00, 00, 00, 00, 00, 38, 00,
00, 00, E2, 00, 00, 00, 00, 00,
00, 00, 00, E0, 00, 00, 00, 00,
A5, 00, 00, 00, 00, 00, 00, 00,
A7, 00, 43, 00, 00, 00, 00, 00,
5D, 00, 00, 00, 00, 00, 00, 00,
FB, 00, 00, D3, 00, BA, 0C, 00,
00, 00, 00, 00, 00, 00, 00, 0F,
00, 00, 00, 00, 00, 00, 00, 00,
00, 00, 00, 00, 00, 00, AE, C8,
00, 00, E2, 6C, 00, 00, 00, 00,
00, 00, 00, 00, 00, 62, 00, 00,
A7, 00, 7E, 00, 00, 00, 00, F9,
00, 00, 00, 00, 00, 00, 00, 00,
C1, 00, 00, EC, 00, 00, 00, 55,
00, CA, 00, 00, 26, 00, 00, 00,
00, 34, 00, 00, 00, 00, 00, 00,
00, 00, 00, 00, 00, 00, 00, 00,
00, 00, 00, 00, 00, 00, 00, 00,
00, 00, 00, 00, 2A, 00, 00, 00,
D7, 00, 00, 00, 00, 00, 00, 00,
00, 00, 32, 82, 00, 00, 00, 00,
00, B9, 00, 00, 00, 00, 00, 00,
00, 00, 00, 00, 00, D3, 4F, 00,
00, 00, 00, 00, 6C, 00, 2F, 00,
00, 00, D0, 00, 00, 00, 0A, 00,
02, 00, 00, 00, 00, 00, DA, 43,
00, 00, 00, 00, 00, 00, 00, 8C,
00, 00, 00, 00, 00, 00, 00, 00,
00, 00, 00, 00, FE, 00, 00, 4D,
00, 00, A9, 00, 93, 00, 00, 00,
00, 00, 11, 0F, 00, 00, 9D, 00,
00, 28, B7, 00, 00, 63, 68, 00,
00, 00, 00, 7E, 38, 00, 00, 00,
00, 6E, 00, 5C, 00, 00, F4, 00,
00, 00, 00, 00, 00, 00, 00, 00,
00, 00, 00, 00, 00, 00, 00, 6A,
00, 00, 00, F4, 2C, 00, A8, 9E,
00, 00, 00, 00, 00, 8F, 00, 00,
38, 00, 00, 47, 00, 00, 00, 00,
00, 00, 00, 00, 00, 00, 00, 00,
33, 2A, 91, 00, 00, 00, 00, 2E,
00, 00, 00, 00, 00, 00, 00, 5A,
00, 00, 00, 00, 05, 00, 90, 00,
00, 00, 00, 00, 00, 00, 00, 00,
00, 00, 00, 00, 00, 00, 00, 53,
00, 00, 00, 00, 00, 00, 2F, 00,
0C, BA, 00, 00, C9, 00, 00, 00,
00, 00, 68, 00, 00, 00, 00, 00,
00, 00, 00, 00, 00, 00, 00, 00,
00, 00, 00, 00, 00, 00, 00, 00,
00, 00, 00, F1, 00, 00, 00, 00,
00, 00, 00, 00, 00, 00, 00, 00,
00, 00, 00, 00, 00, F3, 00, 00,
00, 62, 00, 00, 00, 00, 00, 00,
00, 00, 00, 00, 00, 00, BA, 00,
00, 90, 00, ED, 00, 00, 00, 00,
00, AE, B7, 00, 00, AE, 00, 00,
00, 00, 00, 00, 00, 61, 00, 00,
5F, 00, 00, 00, 00, 00, 00, 00,
00, B5, 43, 00, 60, 00, 44, 00,
00, 00, 00, 00, 00, 00, 00, 00,
00, 07, 00, 00, 00, 00, CE, 00,
9E, 00, 28, 00, 00, 00, 00, 5B,
5E, 00, 00, 00, 00, 68, 00, 00,
00, 00, 35, 00, 14, 00, 00, 00,
00, 00, B5, 00, 00, 00, 00, 00,
00, 73, 00, 00, 00, 00, 39, 00,
00, 00, 00, 00, D8, 00, 00, A9,
00, 00, 48, 00, 00, 00, 00, 00,
00, 0E, 86, 00, 06, 0E, 20, A2,
72, 00, 00, 00, 00, 00, 00, 00,
00, 00, 13, 00, 00, 00, 00, 00,
00, DC, 00, 00, 86, 00, 00, 00,
00, 38, D4, 00, 00, 00, 00, 00,
00, 00, 00, 00, 00, 00, 00, 00,
00, 00, 7D, 00, 00, 00, A5, 00,
00, 00, 00, 00, 00, 19, F6, 00,
00, 00, 00, 00, 00, 00, 00, 00,
E8, 00, 00, 00, 9C, 00, 00, A0,
8A, 00, 00, 00, 00, 6B, 00, F8,
00, 00, 00, 00, 00, 00, 00, 00,
00, 8C, A2, 00, 00, 00, EC, 00,
00, 00, 00, 00, 00, 00, 00, 00,
00, 47, 00, 00, 00, 00, 00, 00,
00, 00, 00, 00, 3F, 00, 00, 00,
00, 00, 00, 00, 09, 00, 00, 2E,
00, 00, 00, 00, 00, 00, 00, E8,
00, 00, 48, 55, DF, 00, 00, 00,
00, 00, 00, AF, 00, 00, 00, 00,
01, A0, 00, 00, 00, 28, 00, 00,
00, 00, 00, 00, E8, A3, 00, 00,
00, 71, 37, 00, 00, 00, 00, 5A,
00, 00, 00, 00, 00, 09, 00, 00,
00, 00, AC, 07, 00, 00, 00, 00,
00, 00, 00, 00, 00, 00, 00, 00,
00, 00, 00, 44, 00, 00, 00, 00,
00, 00, 00, 00, BC, 00, AF, 00,
00, 00, 00, 00, 00, 00, 00, 00,
00, 00, 00, 00, 00, 00, 49, 00,
60, 00, 00, 00, 00, 00, 00, 00,
98, 00, 00, 14, 00, 00, 00, 5A,
26, 00, 00, 00, 00, 00, 4E, 00,
00, E5, BC, 00, BD, 00, 00, 00,
78, 00, 00, 00, 00, 24, 00, 00,
00, 00, 8E, 9C, E3, 00, 00, 00,
00, 00, 16, 00, 65, 00, 00, 00,
00, 00, 99, 00, 00, 00, 00, 4D,
00, 00, 00, 00, 00, 00, 00, 00,
00, 00, 00, 00, 94, C0, 57, 44,
00, 00, 00, FC, C7, 00, F1, 00,
00, 00, 00, 00, 00, 00, 00, 00,
00, 00, 00, 00, 00, 00, 00, 28,
00, 00, 00, 00, 00, 00, 00, 00,
00, 00, 90, 00, 00, 00, 00, 00,
1E, 00, 00, 00, 00, 00, 00, 00,
00, 00, 00, 00, 00, 00, 00, 00,
00, 00, 4C, 00, 00, 00, 00, B2,
00, 00, 00, 18, E3, 00, 00, 4E,
00, 00, 00, 00, 00, 00, 76, E4,
00, 26, 00, 00, 54, 00, ED, 06,
00, 00, 00, 00, 00, 00, 00, 00,
00, 00, 00, 00, 00, 00, 00, 00,
00, 00, 00, 00, 00, 00, 53, 00,
DD, 00, 00, 00, 00, 00, 55, 00,
00, 00, 00, 00, 39, 00, 00, 00,
00, 00, 00, 00, 1E, 6C, 00, 00,
00, E4, 00, 98, 00, A0, 1E, D1,
4E, 00, 00, 00, 9A, 00, 00, 00,
00, FC, 00, 00, 00, 00, 00, 00,
00, 89, 00, 00, 00, 57, 00, 00,
00, 00, 00, 00, 00, 00, 00, 00,
00, 00, 00, 00, 00, 00, 00, 00,
00, 00, 00, 00, 00, 00, 00, 00,
00, 00, 00, 00, 00, A1, 00, 00,
00, 00, 00, 00, 00, 00, 00, 00,
75, 00, 99, 00, 00, 00, 00, 00,
00, 97, 00, 00, 00, 1A, CA, 00,
00, CA, B8, 00, 00, AF, 00, 00,
00, 52, 00, 61, BD, 00, 00, 00,
00, 00, 00, 00, 00, 89, 00, 00,
00, 00, 6B, 00, 00, 00, A1, F8,
00, 6E, 00, 00, 00, 00, 00, 09,
09, 00, 5B, 00, 00, 00, 00, 00,
00, 00, 03, 00, B3, D4, 00, 00,
F2, 00, 00, 00, 00, 00, 00, 00,
00, 00, 00, 67, 00, 00, 00, 00,
00, 00, 00, 6C, 00, 00, 00, 00,
00, BA, 00, B5, 00, 00, 00, 48,
00, 00, 00, E8, 00, 00, 00, 00,
00, 83, 39, D3, 00, 00, CD, 00,
00, E2, 00, 00, 00, 00, 00, 00,
00, 00, 00, 00, 00, 00, 5E, 00,
00, 00, 86, 00, 00, 74, 00, 83,
00, 1B, 00, 00, 00, 00, 00, 00,
00, 00, 00, 00, AD, 00, 00, 00,
00, 00, 2B, 00, 00, 00, 00, 00,
00, 00, 00, 00, 00, 00, CE, A7,
00, 00, 00, 58, 00, 00, 00, 00,
00, 91, 92, 00, 00, 00, 25, 00,
00, 85, 00, 00, 00, 00, BA, 00,
00, 00, 00, 00, 00, 00, 00, 43,
00, 00, 00, D1, 00, 52, 00, 00,
00, 00, 00, BB, C4, CE, 00, FC,
00, 00, 00, 00, 00, 00, 00, 00,
00, 00, 10, 00, 00, 00, 00, 00,
00, 00, 86, 00, 00, 94, 00, 00,
00, 00, EA, 00, 00, 00, 00, 00,
00, 00, 00, 56, 00, 00, CB, 0D,
00, 00, 00, 00, 00, 00, 01, 00,
00, 0B, 00, 00, 00, 13, 00, 8D,
00, 00, 0C, 00, 00, 00, 00, 00,
00, 00, 00, 00, 00, 00, 38, 00,
00, 00, 00, 00, 00, 1A, 61, 00,
00, 00, 7D, 00, 00, 00, 00, F9,
00, 00, 00, 00, C1, 00, 00, 00,
00, 00, 00, 00, 70, 00, 00, 00,
E2, 00, 00, 00, 00, 00, D2, 00,
00, 00, 00, 00, 00, 00, 89, 00,
00, 00, 00, 00, 00, 00, 00, 00,
8B, 00, 5B, 00, 33, 00, 00, 58,
00, 00, 00, 00, 00, 0C, 43, 00,
00, 00, 00, 00, 00, 00, 00, 00,
00, 00, 82, 00, 00, 2D, 00, 00,
00, D6, 80, 00, 00, 00, 00, D2,
00, 19, 00, AD, 00, 00, 00, 00,
00, 00, 00, 00, 00, 00, 00, 00,
00, 00, 00, 00, 00, 00, 00, 00,
06, 00, 00, 00, 00, 00, 00, 00,
00, 00, 00, 00, 00, 00, 00, 00,
00, 00, 00, 00, 00, 00, 00, 00,
00, 00, 00, 0B, 00, 00, 00, 00,
00, 00, 00, 36, 00, 00, 41, 00,
87, 68, 58, 00, 00, 00, 00, 00,
00, 00, 00, 00, 00, 1E, 00, 23,
F8, 00, 00, 01, 00, 00, 00, 00,
00, 87, 04, F9, 00, 00, 00, 00,
00, 00, 00, 00, 00, 00, 00, F1,
00, 00, 00, 00, 00, 00, 00, 90,
00, 00, 00, 00, 00, 00, 28, 00,
00, 00, D5, 00, 00, 00, 00, 88,
00, 00, 00, 00, 00, 6D, 00, 90,
00, 00, E2, 7E, 00, 00, 00, 00
;